date,epsActual,epsEstimate,hour,quarter,revenueActual,revenueEstimate,symbol,year
2026-03-17,,-0.0476,amc,4,,5495760.0,ICAD,2025
2026-03-17,1.6,1.614,bmo,4,8641000000.0,8511718743.0,TME,2025
2026-03-17,,-0.1734,amc,4,,26101545.0,SCPH,2025
2026-03-17,-4.51,-4.4472,amc,4,0.0,0.0,INDP,2025
2026-03-17,0.08,0.0632,bmo,1,6710000.0,6349500.0,CODA,2026
2026-03-17,,,,4,,,FTW,2025
2026-03-17,-0.1,-0.1088,bmo,4,41777000.0,41480003.0,STIM,2025
2026-03-17,-0.69,-0.8262,dmh,4,278292000.0,249498120.0,BNED,2025
2026-03-17,-0.28,-0.0714,amc,4,0.0,0.0,TELO,2025
2026-03-17,-0.13,-0.0969,amc,4,153306000.0,151329240.0,NRGV,2025
2026-03-17,-0.5,-0.1339,amc,4,945000.0,880650.0,NN,2025
2026-03-17,0.24,0.2544,amc,4,405662000.0,424423632.0,TTAM,2025
2026-03-17,1.97,2.0853,bmo,4,1718471000.0,1775233448.0,ASO,2026
2026-03-17,-0.07,-0.0306,amc,4,6063000.0,6885000.0,IZEA,2025
2026-03-17,,,,2,,,CNXX,2025
2026-03-17,0.02,,bmo,4,1580000.0,,PFHO,2025
2026-03-17,0.65,0.3787,bmo,4,545400000.0,498134850.0,CAAP,2025
2026-03-17,,,,4,,,BIOF,2025
2026-03-17,-0.29,-0.2448,amc,4,0.0,0.0,ANTX,2025
2026-03-17,-0.77,-0.1389,amc,4,9131000.0,10217412.0,FLD,2025
2026-03-17,,,,4,,,GLLI,2025
2026-03-17,0.16,0.2907,bmo,4,55361000.0,56100000.0,LWAY,2025
2026-03-17,-0.51,-0.5421,bmo,4,0.0,0.0,KLRS,2025
2026-03-17,-0.26,-0.204,amc,4,10410000.0,10251000.0,CLPT,2025
2026-03-17,6.34,1.9788,amc,4,93465000.0,93942000.0,SCOR,2025
2026-03-17,-0.29,-0.9559,bmo,4,47955000.0,7215051.0,BCYC,2025
2026-03-17,,,,4,,,HSTA,2025
2026-03-17,-0.25,-0.204,bmo,4,7331000.0,6403560.0,PSQH,2025
2026-03-17,1.01,0.9655,amc,4,836860000.0,844397758.0,DOCU,2026
2026-03-17,-0.06,-0.0459,amc,3,513000.0,1930860.0,OPTT,2026
2026-03-17,-0.03,-0.0606,amc,4,6133000.0,6066060.0,IPM,2025
2026-03-17,-0.56,-0.3586,bmo,4,2781000.0,15816120.0,GLUE,2025
2026-03-17,0.35,0.2579,amc,4,648827000.0,661657935.0,BOBS,2025
2026-03-17,3.57,3.2079,bmo,4,2787826000.0,2850926346.0,ATAT,2025
2026-03-18,2.69,2.5329,bmo,2,8282000000.0,7821388267.0,JBL,2026
2026-03-18,-0.12,-0.1722,amc,4,49130000.0,47430000.0,HTFL,2025
2026-03-18,-0.16,-0.1938,amc,4,10000.0,30600.0,SERA,2025
2026-03-18,-0.13371,-0.102,bmo,4,5318000.0,4824600.0,TGEN,2025
2026-03-18,4.31,4.0836,amc,4,1728480000.0,1739033108.0,FIVE,2026
2026-03-18,,,,4,,,APT,2025
2026-03-18,,,,4,,,PHYS,2025
2026-03-18,0.06,-0.1214,bmo,4,718000.0,13596.0,OVID,2025
2026-03-18,,,,2,,,PURE,2026
2026-03-18,-0.76,-0.6392,bmo,4,15825000.0,15802176.0,SPIR,2025
2026-03-18,-0.2082,-0.3468,bmo,4,36550.0,0.0,HIND,2025
2026-03-18,0.14,0.0,amc,4,51299000.0,26387400.0,GORO,2025
2026-03-18,,,,4,,,TTNP,2025
2026-03-18,0.23,0.0874,amc,4,80499000.0,52769975.0,ELA,2025
2026-03-18,,-4.6206,amc,4,,324843480.0,NEUE,2025
2026-03-18,,,,2,,,RFL,2026
2026-03-18,-0.06,-0.0918,amc,4,33821000.0,25194000.0,DVLT,2025
2026-03-18,0.64,0.7334,bmo,3,4436700000.0,4461510844.0,GIS,2026
2026-03-18,,,,4,,,YRD,2025
2026-03-18,0.08,0.0811,bmo,4,294650000.0,298462526.0,SAIL,2026
2026-03-18,0.26,-0.1581,bmo,4,13757000.0,11270388.0,XOMA,2025
2026-03-18,-2.54,-3.672,amc,4,18000.0,20400.0,ACON,2025
2026-03-18,-0.37,-0.0459,amc,4,168895000.0,163125203.0,ALVO,2025
2026-03-18,-0.17,-0.153,amc,4,26235000.0,24396696.0,RCAT,2025
2026-03-18,,,,4,,,ARL,2025
2026-03-18,1.67,1.5647,bmo,4,7639000000.0,7747700149.0,M,2026
2026-03-18,-0.35,-0.1836,bmo,2,,,ESLA,2026
2026-03-18,-3.6,-1.1016,bmo,4,5081000.0,8017710.0,LFWD,2025
2026-03-18,-2.57,-1.53,amc,4,,,PCSA,2025
2026-03-18,13.04,-6.2356,amc,4,0.0,0.0,MBRX,2025
2026-03-18,0.0,,,1,630000.0,,IVDN,2026
2026-03-18,,,,4,,,GBR,2025
2026-03-18,-0.08,-0.0606,bmo,4,22170000.0,23230000.0,UCL,2025
2026-03-18,0.1,0.0404,bmo,4,11985000.0,16017256.0,OSS,2025
2026-03-18,0.24,,amc,4,13710000.0,,LPA,2025
2026-03-18,,-3.315,amc,4,,0.0,NCNA,2025
2026-03-18,,,,4,,,ETHM,2025
2026-03-18,,,bmo,4,,,SLNCF,2025
2026-03-18,,,,4,,,FBLA,2025
2026-03-18,-0.07,-1.1832,bmo,4,0.0,0.0,DWTX,2025
2026-03-18,,,,4,,,MVO,2025
2026-03-18,0.4,0.4019,amc,4,46534000.0,49001820.0,TATT,2025
2026-03-18,0.43,-0.7777,amc,4,85090000.0,9363600.0,FDMT,2025
2026-03-18,-0.08,-0.0816,bmo,4,21220000.0,19982820.0,GIFT,2025
2026-03-18,12.2,9.5849,amc,2,23860000000.0,20669515369.0,MU,2026
2026-03-18,,-0.0612,,4,,255000.0,CDIO,2025
2026-03-18,-0.14,-0.124,amc,4,225000.0,153000.0,PROK,2025
2026-03-18,-0.05,-0.0816,amc,4,5293000.0,5258100.0,HYPR,2025
2026-03-18,0.18,0.1779,amc,4,337888000.0,300538963.0,DLO,2025
2026-03-18,,,,4,,,IOR,2025
2026-03-18,-0.124,-0.0918,bmo,4,520000.0,,NEON,2025
2026-03-18,1.9,1.99,amc,4,2078527000.0,2125403846.0,BZ,2025
2026-03-18,0.851,1.5555,bmo,4,2575769000.0,2613245783.0,MOMO,2025
2026-03-18,-0.14,-0.1972,bmo,4,3149000.0,2678183.0,NSPR,2025
2026-03-18,0.24,0.1868,amc,4,1572000000.0,1582841742.0,EQPT,2025
2026-03-18,-0.05,0.0051,amc,4,22243000.0,23741775.0,USIO,2025
2026-03-18,,,,4,,,TCI,2025
2026-03-18,0.0,0.0,amc,4,4501000.0,4590000.0,GROY,2025
2026-03-18,-0.932,-0.6446,bmo,4,0.0,0.0,CING,2025
2026-03-18,-0.09,-0.2006,amc,4,1104000.0,695640.0,MRKR,2025
2026-03-18,3.04,2.9249,bmo,4,2357129000.0,2442396140.0,WSM,2026
2026-03-19,-0.38,-0.4747,amc,4,57673000.0,52879267.0,FLY,2025
2026-03-19,0.12,0.204,bmo,4,1266543000.0,1266172583.0,ARCO,2025
2026-03-19,0.55,0.5353,bmo,4,191580000.0,183854340.0,MOV,2026
2026-03-19,-0.94,-0.9976,amc,4,1929000.0,2422500.0,ALMS,2025
2026-03-19,5.25,4.1768,amc,3,24000000000.0,23663251054.0,FDX,2026
2026-03-19,-1.275,-0.6194,bmo,4,1217209000.0,1381975335.0,CSIQ,2025
2026-03-19,-0.16,-0.0357,bmo,4,112100000.0,114567930.0,DXLG,2026
2026-03-19,-2.03,-4.2126,bmo,4,9389000.0,9271973.0,PTHS,2025
2026-03-19,6.25,6.1742,bmo,4,2345100000.0,2365394861.0,SIG,2026
2026-03-19,-0.15,-0.153,bmo,4,-34000.0,118024.0,IFRX,2025
2026-03-19,0.4,0.788,bmo,4,462372000.0,485135665.0,LE,2026
2026-03-19,,,,4,,,STBI,2025
2026-03-19,-0.34,-0.4154,amc,4,9243000.0,9219780.0,ECOR,2025
2026-03-19,,-0.3736,amc,4,,0.0,VTYX,2025
2026-03-19,,,bmo,4,,,HTT,2025
2026-03-19,-0.5,-0.459,amc,4,1138000.0,3252984.0,CRIS,2025
2026-03-19,-0.24,-0.3162,bmo,4,0.0,0.0,CMMB,2025
2026-03-19,7.09,11.8754,bmo,3,284843000000.0,296506469727.0,BABA,2026
2026-03-19,0.23,0.1479,bmo,4,251893000.0,214883400.0,DLTH,2026
2026-03-19,-1.45,-0.7004,amc,4,22203000.0,22863636.0,NOTE,2025
2026-03-19,,-0.5304,amc,4,,3162000.0,AXDX,2025
2026-03-19,,,,4,,,ATEK,2025
2026-03-19,-2.11,-2.1185,amc,4,0.0,0.0,INBX,2025
2026-03-19,0.17,0.1275,amc,4,,19584000.0,AMNF,2025
2026-03-19,2.48,-0.663,amc,4,42469000.0,7571205.0,ASMB,2025
2026-03-19,-0.53,-0.5292,amc,4,0.0,0.0,SLDB,2025
2026-03-19,0.124,-0.1428,amc,4,8057000.0,8950755.0,SKYH,2025
2026-03-19,-0.03,-0.0408,amc,4,25109000.0,23460000.0,SNAL,2025
2026-03-19,-0.49,-0.2004,amc,4,0.0,0.0,ZURA,2025
2026-03-19,,,,4,,,MACI,2025
2026-03-19,-0.805,-0.3315,amc,2,253000.0,51000.0,KZIA,2026
2026-03-19,-0.09,,amc,4,13670000.0,,AWX,2025
2026-03-19,0.483,0.1989,bmo,4,17100000.0,16469430.0,BFRI,2025
2026-03-19,-0.01,0.0,amc,4,75715000.0,77214000.0,NLST,2025
2026-03-19,-1.2,-4.08,amc,4,1388000.0,1938000.0,MSAI,2025
2026-03-19,,,,4,,,TY,2025
2026-03-19,-0.12,-0.0762,amc,4,37821000.0,40825500.0,GRWG,2025
2026-03-19,,,,4,,,CHCI,2025
2026-03-19,,,,4,,,TAPM,2025
2026-03-19,0.17,0.1632,bmo,4,5799000.0,5952210.0,ACCS,2025
2026-03-19,-0.55,,bmo,4,151660000.0,,CATO,2025
2026-03-19,-1.07,0.3978,bmo,4,696000.0,6630000.0,SLGL,2025
2026-03-19,0.06,0.0505,bmo,4,21106000.0,14083440.0,TRC,2025
2026-03-19,,,,4,,,ALOY,2025
2026-03-19,-1.22,-1.0825,amc,4,60343000.0,51647995.0,GEMI,2025
2026-03-19,0.17,0.1377,dmh,4,662480000.0,658374300.0,AVAH,2025
2026-03-19,-1.43,-1.02,bmo,4,641834000.0,627853860.0,TITN,2026
2026-03-19,-0.25,-0.2227,amc,4,8000.0,0.0,GNLX,2025
2026-03-19,,0.2584,bmo,4,,148722120.0,CDNL,2025
2026-03-19,-0.36,-0.4074,bmo,4,695062000.0,686445823.0,CAL,2026
2026-03-19,-0.01,-0.0131,bmo,4,0.0,0.0,MREO,2025
2026-03-19,-0.29,-0.2305,amc,4,105349000.0,104766290.0,YSS,2025
2026-03-19,-0.73,-0.5171,bmo,4,0.0,0.0,LRMR,2025
2026-03-19,1.27,0.1442,bmo,4,94030000.0,170867340.0,SBDS,2025
2026-03-19,-0.17,-0.2193,bmo,4,968130.0,867000.0,NRXS,2025
2026-03-19,-0.17,-0.051,bmo,4,6247000.0,3909996.0,SATL,2025
2026-03-19,0.07,0.0202,amc,4,6635000.0,6254425.0,IDN,2025
2026-03-19,0.264,0.2499,bmo,4,175574000.0,157284000.0,TIGR,2025
2026-03-19,0.36,0.3662,bmo,4,14228000.0,14412600.0,LIEN,2025
2026-03-19,-0.29,-0.1428,amc,4,0.0,0.0,RLMD,2025
2026-03-19,-0.01,0.0204,amc,4,13030000.0,12138000.0,UAMY,2025
2026-03-19,-3.43,-3.3074,bmo,4,5231000.0,5148195.0,DRIO,2025
2026-03-19,-0.38,-0.3672,amc,4,1481000.0,1406070.0,TNON,2025
2026-03-19,-0.08,-0.1241,amc,4,236168000.0,234266286.0,CURV,2026
2026-03-19,-0.1,-0.2074,amc,4,0.0,0.0,ELDN,2025
2026-03-19,-0.32,-0.0731,bmo,4,44785000.0,54757975.0,LUNR,2025
2026-03-19,,-0.1061,bmo,4,,252500.0,LZM,2025
2026-03-19,-0.05,-0.0657,amc,4,0.0,,SLS,2025
2026-03-19,2.93,2.869,bmo,2,18044066000.0,18021325869.0,ACN,2026
2026-03-19,,,,4,,,RYM,2025
2026-03-19,0.133,0.2424,bmo,4,528371000.0,548803176.0,AEBI,2025
2026-03-19,-0.15,-0.3723,amc,3,329100000.0,337653150.0,SCHL,2026
2026-03-19,-0.52,-0.4756,bmo,4,0.0,169024.0,ACRV,2025
2026-03-19,0.0,-0.0486,amc,4,86822000.0,80883747.0,PL,2026
2026-03-19,0.06,0.0918,amc,4,21281000.0,20990580.0,ETON,2025
2026-03-19,-0.08,-0.0981,bmo,4,5485000.0,1926780.0,TSHA,2025
2026-03-19,2.7,-0.1088,amc,4,0.0,0.0,DMRA,2025
2026-03-19,,,,4,,,FSEA,2025
2026-03-19,2.95,2.9738,bmo,3,3345300000.0,3366309214.0,DRI,2026
2026-03-19,0.21,1.2438,bmo,4,45891000.0,59673396.0,TBPH,2025
2026-03-20,-0.08,-0.0829,amc,4,,0.0,PALI,2025
2026-03-20,-0.18,-0.1632,bmo,4,1546000.0,0.0,MIST,2025
2026-03-20,,,,4,,,STG,2025
2026-03-20,-0.57,-0.561,amc,4,290000.0,306000.0,SINT,2025
2026-03-20,0.21,0.1641,bmo,4,989267000.0,999871114.0,ZGN,2025
2026-03-20,,,,4,,,HZRBY,2025
2026-03-20,0.4,-0.3319,bmo,4,22253759000.0,22573977642.0,XPEV,2025
2026-03-20,,,bmo,4,,,WWR,2025
2026-03-20,-0.59,-0.0153,bmo,4,101657000.0,105694950.0,FUFU,2025
2026-03-20,-0.32,-0.255,amc,4,93000.0,306000.0,CTNT,2025
2026-03-20,-0.11,-0.1377,bmo,4,788000.0,617100.0,PHUN,2025
2026-03-21,,,,4,,,STSR,2025
2026-03-23,-0.09,-0.1326,bmo,4,0.0,0.0,MAIA,2025
2026-03-23,-0.14,-0.1082,amc,4,0.0,0.0,CNTX,2025
2026-03-23,,,,4,,,PRKR,2025
2026-03-23,-0.035,-0.0046,amc,4,2921000.0,3944373.0,MOB,2025
2026-03-23,-0.07,-0.0606,amc,4,0.0,0.0,GRO,2025
2026-03-23,,0.6018,bmo,4,74736000.0,73338000.0,CMCL,2025
2026-03-23,,-1.2104,amc,4,528000.0,674220.0,SRZN,2025
2026-03-23,-0.24,-0.1899,bmo,4,44900000.0,39422996.0,WRD,2025
2026-03-23,-0.81,-0.8494,amc,4,0.0,0.0,AARD,2025
2026-03-23,-0.03,-1.428,amc,4,7951000.0,8010060.0,BNGO,2025
2026-03-23,-0.004,0.0606,amc,4,17825000.0,18688030.0,LFT,2025
2026-03-23,-0.091,0.1122,amc,4,23895060.0,20547900.0,GTEC,2025
2026-03-23,,,,4,,,LITB,2025
2026-03-23,,,,4,,,MPU,2025
2026-03-23,,,,4,,,AZLCZ,2025
2026-03-23,,,,4,,,EVFM,2025
2026-03-23,,,amc,4,,,BNR,2025
2026-03-23,-5.83,-0.7776,bmo,4,746245000.0,702186360.0,BALY,2025
2026-03-23,-0.012,-0.0026,amc,4,983000.0,7675500.0,NRXP,2025
2026-03-23,,,,4,,,BATL,2025
2026-03-23,,,,4,,,CDAQF,2025
2026-03-23,-5.29,-4.4309,amc,4,11647000.0,8507514.0,STRO,2025
2026-03-23,,,,4,,,IRRX,2025
2026-03-23,,,,4,,,CPHC,2025
2026-03-23,,,,2,,,GMHS,2026
2026-03-23,0.002,0.0471,bmo,4,,,LAR,2025
2026-03-23,,,,4,,,CKX,2025
2026-03-23,,,,4,,,PVL,2025
2026-03-23,,,,4,,,AGLY,2025
2026-03-23,,,,4,,,NTWO,2025
2026-03-23,-1.13,-1.4933,bmo,4,0.0,0.0,AVTX,2025
2026-03-23,,-0.204,amc,4,,0.0,CYPH,2025
2026-03-23,,,,2,,,CLEV,2026
2026-03-23,-0.06,-0.0816,bmo,4,0.0,0.0,TLPH,2025
2026-03-23,,,,4,,,RGST,2025
2026-03-23,,-0.3264,amc,4,,56100.0,COCH,2025
2026-03-23,,1.229,,4,,737341076.0,AHL,2025
2026-03-23,,-0.3978,,4,,734400.0,ASNS,2025
2026-03-23,-0.4,-0.4741,bmo,4,0.0,0.0,CABA,2025
2026-03-23,,,,3,,,NCRA,2025
2026-03-23,-0.29,-0.3434,bmo,4,11038000.0,0.0,PYXS,2025
2026-03-23,,,,4,,,ABCP,2025
2026-03-23,-0.02,-0.0357,bmo,4,1051000.0,714000.0,ABUS,2025
2026-03-23,,,,4,,,HVII,2025
2026-03-23,,,,4,,,REEMF,2025
2026-03-23,,0.202,bmo,4,14569710.0,12019000.0,IDR,2025
2026-03-23,0.81,-1.6968,bmo,4,13686000.0,8039600.0,XLO,2025
2026-03-23,,,,4,,,BEAG,2025
2026-03-23,,,amc,4,,,AACG,2025
2026-03-24,,,,4,,,IPEX,2025
2026-03-24,,,,4,,,WVVI,2025
2026-03-24,,,,4,,,RNGT,2025
2026-03-24,-0.2,-0.1982,amc,4,650000.0,1122000.0,ABSI,2025
2026-03-24,,,,4,,,OAK PR A,2025
2026-03-24,-0.06,-0.1734,amc,4,0.0,0.0,BCDA,2025
2026-03-24,,0.2222,amc,4,,806148336.0,SCS,2026
2026-03-24,,,,4,,,GNRV,2025
2026-03-24,2.61,2.6979,bmo,1,2500391000.0,2541857850.0,CNXC,2026
2026-03-24,,,amc,4,,,NOAH,2025
2026-03-24,0.09,0.1122,bmo,4,27545820.0,27948000.0,SMTI,2025
2026-03-24,-0.41,-0.3672,amc,4,7480000.0,8140620.0,REED,2025
2026-03-24,0.1,0.1405,amc,4,205170000.0,202172404.0,BRZE,2026
2026-03-24,0.21,0.0408,amc,4,14820000.0,11589240.0,EPSN,2025
2026-03-24,,,,4,,,CAPN,2025
2026-03-24,-0.07,-0.1836,amc,4,0.0,0.0,GUTS,2025
2026-03-24,,,,4,,,YQ,2025
2026-03-24,-1.17,-1.2123,bmo,4,0.0,0.0,NGNE,2025
2026-03-24,-0.72,-0.7536,bmo,4,3078000.0,1426296.0,BIOA,2025
2026-03-24,0.83,0.6823,bmo,4,4227000000.0,4179475950.0,SFD,2025
2026-03-24,,,,4,,,TBTC,2025
2026-03-24,,,,4,,,POLE,2025
2026-03-24,-0.01,0.0204,amc,4,10080000.0,56304000.0,BSEM,2025
2026-03-24,,,,4,,,EFOI,2025
2026-03-24,,,bmo,4,,,ZEPP,2025
2026-03-24,0.49,0.3737,amc,4,1104300000.0,1481457900.0,GME,2026
2026-03-24,-0.28,-0.2769,bmo,4,0.0,0.0,ACHV,2025
2026-03-24,,,,4,,,FDSB,2025
2026-03-24,-0.26,-0.1326,amc,4,374000.0,329460.0,LODE,2025
2026-03-24,,1.5162,amc,4,,308200721.0,VRNT,2026
2026-03-24,,,,4,,,XNDA,2025
2026-03-24,-0.14,-0.0918,amc,4,1482000.0,2096610.0,INTZ,2025
2026-03-24,,,,4,,,ECTM,2025
2026-03-24,0.27,-0.2565,amc,4,0.0,0.0,BMEA,2025
2026-03-24,0.08,,bmo,4,16020000.0,,LEAT,2025
2026-03-24,,,,4,,,BPT,2025
2026-03-24,-0.1,0.0357,bmo,4,13777000.0,14273370.0,FENC,2025
2026-03-24,,,,4,,,VOC,2025
2026-03-24,,,,4,,,CRMZ,2025
2026-03-24,,,,4,,,DLTI,2024
2026-03-24,,,amc,4,,,AIXC,2025
2026-03-24,-1.03,-0.5763,amc,4,9441000.0,8856150.0,VELO,2025
2026-03-24,,,,4,,,TMXN,2025
2026-03-24,-0.07,0.0303,bmo,4,25080000.0,16044355.0,HMR,2025
2026-03-24,,,,4,,,HOUR,2025
2026-03-24,-0.422,-0.329,bmo,4,0.0,0.0,EVTL,2025
2026-03-24,0.56,0.5584,amc,1,1077011000.0,1108603946.0,KBH,2026
2026-03-24,-0.31,-0.0918,bmo,4,15715000.0,18054000.0,PESI,2025
2026-03-24,1.25,1.1644,amc,3,845100000.0,820662198.0,AIR,2026
2026-03-24,-1.16,-0.9906,bmo,4,1588000.0,1923893.0,LENZ,2025
2026-03-24,-1.102432,,bmo,4,304340134.0,,CMCM,2025
2026-03-24,-1.0,-0.4023,bmo,4,0.0,0.0,CMPS,2025
2026-03-24,0.02,-0.1292,amc,4,3849000.0,2981460.0,MDAI,2025
2026-03-24,1.11,1.1587,bmo,4,1000488000.0,1106853000.0,HSAI,2025
2026-03-24,,,,4,,,UTSI,2025
2026-03-24,0.98,0.9716,amc,3,378677000.0,352904302.0,WOR,2026
2026-03-24,,0.0707,,4,,115372300.0,GNE,2025
2026-03-24,0.99,0.6069,amc,4,14233000.0,14535000.0,MPTI,2025
2026-03-24,,-0.101,amc,4,,2525000.0,CUE,2025
2026-03-24,-0.17,-0.1863,amc,4,20869000.0,21468348.0,TELA,2025
2026-03-24,-0.03,-0.204,amc,4,23776000.0,22374720.0,BZAI,2025
2026-03-24,0.02,0.0204,amc,4,22755200.0,21974472.0,PAYS,2025
2026-03-24,,,,2,,,BRIA,2026
2026-03-24,-0.06,-0.0816,amc,4,7300000.0,9594324.0,MXCT,2025
2026-03-24,,,,4,,,BDCIU,2025
2026-03-24,,,,4,,,BMTM,2025
2026-03-24,,,,4,,,AASP,2025
2026-03-24,0.52,0.4231,bmo,4,1581000000.0,1614602311.0,CNM,2026
2026-03-24,,,,4,,,SCTH,2025
2026-03-24,1.590384,,bmo,4,164745072.0,,WILC,2025
2026-03-25,0.41,0.4093,amc,4,23063000000.0,22600435043.0,JBS,2025
2026-03-25,,-0.0408,amc,4,,65384917.0,KALV,2026
2026-03-25,0.57,0.5607,amc,1,770844000.0,789324807.0,FUL,2026
2026-03-25,-3.08,-1.1603,amc,4,0.0,0.0,ATOS,2025
2026-03-25,,,,4,,,TCBS,2025
2026-03-25,,,,4,,,PFSB,2025
2026-03-25,-6.57,-4.9254,bmo,4,,0.0,PMN,2025
2026-03-25,,,amc,4,,,XCUR,2025
2026-03-25,-0.04,-0.0618,amc,4,0.0,0.0,EQ,2025
2026-03-25,,,amc,4,,,COEP,2025
2026-03-25,-0.92,-0.8262,bmo,4,3040000.0,2040000.0,WATT,2025
2026-03-25,-0.3,-0.561,amc,4,0.0,0.0,SDST,2025
2026-03-25,-3.27,-0.2856,amc,4,1085000.0,754800.0,ARMP,2025
2026-03-25,,,,4,,,SCPQ,2025
2026-03-25,-0.65,-0.7279,bmo,4,0.0,0.0,MAZE,2025
2026-03-25,-1.59,-0.6834,bmo,4,0.0,1530000.0,KPRX,2025
2026-03-25,-0.07,-0.085,amc,4,4565000.0,8451383.0,PGEN,2025
2026-03-25,,,,2,,,RECT,2026
2026-03-25,,,,4,,,NIKA,2025
2026-03-25,-0.1,-0.102,amc,4,1504000.0,1387404.0,LUCD,2025
2026-03-25,,,,4,,,HWH,2025
2026-03-25,,-0.303,,4,,0.0,SER,2026
2026-03-25,-0.97,-1.0627,amc,4,0.0,0.0,CELC,2025
2026-03-25,0.11,0.1156,amc,4,134492000.0,135293412.0,KRMN,2025
2026-03-25,0.43,0.459,amc,3,926600000.0,960799200.0,MLKN,2026
2026-03-25,-0.09,-0.051,amc,4,9234000.0,9778403.0,CTSO,2025
2026-03-25,0.03,0.0612,amc,4,3158000.0,3188010.0,SELF,2025
2026-03-25,,,,4,,,XYF,2025
2026-03-25,0.42,-0.4896,bmo,4,918775000.0,890084640.0,DOYU,2025
2026-03-25,-0.28,-0.1591,amc,4,0.0,0.0,IMMX,2025
2026-03-25,,,,4,,,PGAC,2025
2026-03-25,-0.43,-1.0608,amc,4,122776000.0,124848000.0,NDLS,2025
2026-03-25,,,,4,,,GULTU,2025
2026-03-25,,-0.0918,amc,4,,19436100.0,MRAI,2025
2026-03-25,,,,1,,,SRXH,2026
2026-03-25,-0.3,-0.6341,bmo,4,2761387000.0,2821300768.0,KC,2025
2026-03-25,,,,4,,,CUB,2025
2026-03-25,,,,4,,,BDVB,2025
2026-03-25,,0.0,amc,4,15645840.0,15300000.0,DLPN,2025
2026-03-25,,,,4,,,EMYB,2025
2026-03-25,,,,4,,,BYNO,2025
2026-03-25,2.75,3.3456,bmo,4,3172228000.0,2961717900.0,BZUN,2025
2026-03-25,-0.09,-0.0135,amc,4,42322000.0,40680103.0,WYY,2025
2026-03-25,-0.127,-0.1212,dmh,4,172000.0,80800.0,NXL,2025
2026-03-25,,,,4,,,CRT,2025
2026-03-25,0.27,0.2412,bmo,2,657400000.0,633404562.0,WGO,2026
2026-03-25,,,,2,,,GLEI,2026
2026-03-25,-1.24,-0.3939,amc,4,4130000.0,4173320.0,CWD,2025
2026-03-25,-0.31,-0.4646,amc,4,0.0,0.0,SER,2025
2026-03-25,,,amc,4,,,BYSI,2025
2026-03-25,1.24,1.2622,bmo,3,2841444000.0,2877333636.0,CTAS,2026
2026-03-25,0.7,0.9656,amc,1,2017130000.0,2090498676.0,JEF,2026
2026-03-25,,,,4,,,BNRG,2025
2026-03-25,-0.1,-0.1133,amc,4,,,DC,2025
2026-03-25,,,,4,,,KANP,2025
2026-03-25,,,,4,,,TRON,2025
2026-03-25,0.02,0.0934,amc,4,11074000.0,11513394.0,MDV,2025
2026-03-25,,,,1,,,JVA,2026
2026-03-25,,,amc,4,,,TXMD,2025
2026-03-25,,,,4,,,SWAG,2025
2026-03-25,,-0.1632,amc,4,,0.0,THRD,2025
2026-03-25,,,,4,,,AXIN,2025
2026-03-25,,-0.612,amc,4,,15300000.0,LOCL,2025
2026-03-25,1.71,1.7056,bmo,3,1808900000.0,1826277156.0,PAYX,2026
2026-03-25,,,,4,,,WNHK,2025
2026-03-25,-0.22,-0.1301,bmo,4,18936000.0,18731626.0,EDAP,2025
2026-03-25,-0.058,-0.0459,amc,4,565530.0,1370370.0,DYAI,2025
2026-03-25,-7.85,-0.0306,bmo,4,0.0,0.0,ENLV,2025
2026-03-25,-0.04,-0.0102,amc,4,10848000.0,11188380.0,MCHX,2025
2026-03-25,-0.14,-0.4386,amc,4,960000.0,1224000.0,LUCY,2025
2026-03-25,,,bmo,4,,,VIOT,2025
2026-03-25,-0.93,-0.7014,bmo,4,460722000.0,449759285.0,SY,2025
2026-03-25,,,,4,,,FACT,2025
2026-03-25,,-0.6436,amc,4,,0.0,ATXS,2025
2026-03-25,-0.37,-0.3244,amc,4,0.0,0.0,NKTX,2025
2026-03-25,,,,4,,,UTGN,2025
2026-03-25,0.09,0.0911,bmo,4,3264700000.0,3355487880.0,CHWY,2026
2026-03-25,0.39,0.3978,amc,2,154807000.0,150756000.0,EPAC,2026
2026-03-25,,,,4,,,PMI,2025
2026-03-25,,,,4,,,CCII,2025
2026-03-25,17.69,20.9706,bmo,4,123912194000.0,125669403156.0,PDD,2025
2026-03-25,-0.08,-0.0485,dmh,4,30111000.0,28639050.0,ONDS,2025
2026-03-25,-0.21841,0.3942,bmo,4,96487000.0,94086503.0,KNOP,2025
2026-03-25,-0.046,-0.0587,amc,4,16079000.0,19240005.0,DERM,2025
2026-03-25,,,,4,,,RANG,2025
2026-03-25,,,,4,,,AATC,2025
2026-03-25,0.02,-0.1222,amc,4,177918000.0,165240469.0,NAVN,2026
2026-03-25,,0.0382,bmo,4,,116572109.0,WDH,2025
2026-03-25,,,,4,,,RSAU,2025
2026-03-25,,-2.5092,,4,,2305200.0,LGMK,2025
2026-03-25,0.27,0.4429,amc,3,769800000.0,909438500.0,WS,2026
2026-03-25,-0.01,-0.0101,amc,4,7508000.0,7346235.0,HIT,2025
2026-03-25,0.91684,-0.4794,bmo,4,,,KALV,2025
2026-03-25,,,,4,,,DTSQ,2025
2026-03-25,-0.83,-0.1564,amc,4,0.0,0.0,MDCX,2025
2026-03-25,-0.16,-0.2278,amc,4,758000.0,995183.0,GCTS,2025
2026-03-25,,,,4,,,GIW,2025
2026-03-25,0.1,0.0442,bmo,4,106242000.0,108417840.0,CGNT,2026
2026-03-25,-0.8,-1.0706,amc,4,420000.0,376225.0,ICU,2025
2026-03-25,,,,4,,,AMEN,2025
2026-03-26,,,,4,,,APXT,2025
2026-03-26,-0.02,-0.4412,amc,4,1024000.0,383265.0,DARE,2025
2026-03-26,,,,4,,,CULL,2025
2026-03-26,-1.52,-1.5708,amc,4,0.0,,DRMA,2025
2026-03-26,2.19,2.0502,bmo,4,248046000.0,247630673.0,LOVE,2026
2026-03-26,-0.09,-7.497,bmo,4,3537000.0,4182000.0,XXII,2025
2026-03-26,-2.6,0.1632,amc,4,7088380.0,4590000.0,BTCS,2025
2026-03-26,,,,4,,,NSTM,2025
2026-03-26,-0.01,-8.2518,amc,4,0.0,0.0,APVO,2025
2026-03-26,,,,4,,,HYNE,2025
2026-03-26,-0.31,-0.2754,amc,4,2792000.0,3261450.0,ACOG,2025
2026-03-26,,,,4,,,GIGM,2025
2026-03-26,,,,4,,,PVCT,2025
2026-03-26,0.35,0.392,bmo,3,,36488286.0,MSIF,2025
2026-03-26,-7.76,-4.7124,bmo,4,496230.0,459000.0,HYPD,2025
2026-03-26,,-0.0354,amc,4,,21816000.0,PET,2025
2026-03-26,,,,4,,,CAAS,2025
2026-03-26,-23.02,-9.6543,amc,4,366183000.0,364803000.0,PIII,2025
2026-03-26,-0.08,-0.0673,amc,4,13348000.0,13273420.0,LSF,2025
2026-03-26,-0.41,-0.051,amc,4,18100000.0,34971975.0,VERI,2025
2026-03-26,,,,4,,,KBON,2025
2026-03-26,,,,4,,,VNJA,2025
2026-03-26,,,,4,,,WELX,2025
2026-03-26,-0.01,-0.0204,amc,4,14724000.0,15034800.0,IRIX,2025
2026-03-26,-0.45,-0.4565,amc,4,0.0,0.0,LBRX,2025
2026-03-26,-0.8,-0.8755,amc,4,0.0,0.0,KYTX,2025
2026-03-26,,,,1,,,AFB,2026
2026-03-26,-0.26,-0.1938,bmo,4,60000.0,1554990.0,CLGN,2025
2026-03-26,-0.11,-0.1479,bmo,4,0.0,0.0,GANX,2025
2026-03-26,,,,4,,,SYPR,2025
2026-03-26,,,,4,,,IINN,2025
2026-03-26,,-0.034,,4,,3264000.0,LINK,2025
2026-03-26,,,,4,,,AONC,2025
2026-03-26,-0.5,-0.5906,amc,4,0.0,0.0,ZNTL,2025
2026-03-26,-0.08,-0.0697,amc,4,24942000.0,25704000.0,SKYX,2025
2026-03-26,0.53,-0.204,amc,4,41300000.0,0.0,SPRO,2025
2026-03-26,-0.72,-0.242,amc,4,1139000.0,295800.0,IMDX,2025
2026-03-26,,-0.6732,amc,4,,1428000.0,RKDA,2025
2026-03-26,-4.0,-0.1836,amc,4,103957000.0,216363930.0,SLND,2025
2026-03-26,0.89,0.1734,amc,4,13094000.0,13515000.0,SNWV,2025
2026-03-26,,,,4,,,CLOQ,2025
2026-03-26,,,,4,,,LHAI,2025
2026-03-26,,-0.2652,amc,4,,0.0,LVTX,2025
2026-03-26,,,,4,,,VTDRF,2025
2026-03-26,,,,4,,,RRACF,2025
2026-03-26,0.188,-0.5814,bmo,4,75364000.0,4651200.0,MGTX,2025
2026-03-26,0.2447,0.0,amc,4,0.0,0.0,ORMP,2025
2026-03-26,,,,4,,,CVR,2025
2026-03-26,-0.9,-0.6818,amc,4,5220000.0,17978000.0,XOS,2025
2026-03-26,,,,4,,,VATE,2025
2026-03-26,,,,4,,,OACC,2025
2026-03-26,3.47,1.9973,amc,4,262050000.0,257868402.0,AGX,2026
2026-03-26,,,,4,,,PRZO,2025
2026-03-26,,,,4,,,SGP,2025
2026-03-26,,-0.2632,amc,4,,9361560.0,SSKN,2025
2026-03-26,-1.5,-3.4034,bmo,4,0.0,0.0,QNRX,2025
2026-03-26,-0.07,-0.0306,amc,4,2913000.0,5480970.0,VTSI,2025
2026-03-26,-0.07,-0.068,amc,4,1461000.0,5100000.0,RANI,2025
2026-03-26,-0.04,-0.0612,amc,4,0.0,102000.0,MBOT,2025
2026-03-26,,,amc,4,,,MBIO,2025
2026-03-26,,,,4,,,PBBK,2025
2026-03-26,,,,4,,,WRAP,2025
2026-03-26,-0.2,0.0729,bmo,4,267734000.0,266430252.0,LMRI,2025
2026-03-26,,,,4,,,GTERA,2025
2026-03-26,-0.12,-0.1872,bmo,4,29125000.0,24413190.0,PONY,2025
2026-03-26,-0.09,-0.1042,amc,4,0.0,0.0,IKT,2025
2026-03-26,,,bmo,4,,,PULM,2025
2026-03-26,-0.28,-0.1122,amc,4,27042000.0,31039416.0,BLNK,2025
2026-03-26,,,,4,,,INTI,2025
2026-03-26,,,,4,,,GPAT,2025
2026-03-26,-0.09,0.0237,amc,4,374486000.0,375556551.0,OXM,2026
2026-03-26,-0.02,-0.1493,amc,4,3918000.0,4275530.0,CV,2025
2026-03-26,,,,4,,,GBCS,2025
2026-03-26,-0.433,-0.576,amc,4,59882000.0,60372861.0,BTGO,2025
2026-03-26,-1.0923,-0.2193,amc,4,0.0,0.0,RNTX,2025
2026-03-26,0.33,0.3366,bmo,4,254066000.0,258913056.0,SCVL,2026
2026-03-26,,,,4,,,SFRX,2025
2026-03-26,,,,4,,,PACH,2025
2026-03-26,-0.42,-1.2674,bmo,4,0.0,0.0,MTVA,2025
2026-03-26,-0.12,,amc,4,0.0,,NRDE,2025
2026-03-26,,,,4,,,CEPF,2025
2026-03-26,-0.71,-0.5457,amc,4,4744000.0,4917930.0,WKSP,2025
2026-03-26,0.12,0.1326,bmo,4,20241000.0,,FGBI,2025
2026-03-26,-3.46,-1.3022,amc,4,0.0,0.0,LONA,2025
2026-03-26,-0.31,-0.3774,amc,4,20000.0,153000.0,BRTX,2025
2026-03-26,,,,4,,,LADX,2025
2026-03-26,1.16,1.3162,bmo,2,2132018000.0,2111651187.0,CMC,2026
2026-03-26,-2.47,-0.9812,bmo,4,0.0,0.0,MPLT,2025
2026-03-26,,,amc,4,,,VRMMQ,2025
2026-03-26,-0.02,-0.0918,amc,4,52240770.0,44872860.0,NMAX,2025
2026-03-26,,-0.204,bmo,4,,126786000.0,ATLN,2025
2026-03-26,-0.048,-0.085,bmo,4,0.0,0.0,CGTX,2025
2026-03-26,,,,4,,,RVP,2025
2026-03-26,-0.785,-0.7057,bmo,4,668000.0,614413.0,UPB,2025
2026-03-26,-0.09,-0.102,amc,4,0.0,0.0,VANI,2025
2026-03-26,-0.31,-0.5,bmo,4,713589000.0,726099100.0,DBI,2026
2026-03-26,0.0,,amc,4,3310000.0,,CVSI,2025
2026-03-26,-0.41,-0.4622,bmo,4,0.0,0.0,ABOS,2025
2026-03-26,,-0.0102,amc,4,,4821540.0,HTCR,2025
2026-03-26,0.44,0.373,bmo,4,,36245016.0,MSIF,2025
2026-03-26,,,,4,,,CD,2025
2026-03-26,-0.13,-0.0714,amc,4,4478000.0,4386000.0,AMPG,2025
2026-03-26,-0.67,-0.1683,bmo,4,23561000.0,24267156.0,WYFI,2025
2026-03-26,,,,4,,,LVVP,2025
2026-03-26,-0.01,0.0204,bmo,4,18345000.0,18953130.0,RMTI,2025
2026-03-27,,-0.1122,amc,4,,0.0,VINC,2025
2026-03-27,,,,4,,,TTHG,2025
2026-03-27,,,,4,,,EESE,2025
2026-03-27,-1.21,-2.0469,bmo,4,0.0,0.0,TIL,2025
2026-03-27,,,,4,,,GYRO,2025
2026-03-27,,,,4,,,GDC,2025
2026-03-27,,-0.1632,amc,4,,127500.0,DRRX,2025
2026-03-27,,,,4,,,PRT,2025
2026-03-27,,,,4,,,VCIC,2025
2026-03-27,,,,4,,,LPAA,2025
2026-03-27,-1.31,-1.275,amc,4,0.0,0.0,INTS,2025
2026-03-27,,,,4,,,LCTC,2025
2026-03-27,,,,4,,,MTEX,2025
2026-03-27,-9.44,-3.3128,bmo,4,3200000.0,3745413.0,SLE,2025
2026-03-27,,,,4,,,HIRU,2025
2026-03-27,,,,4,,,ANSC,2025
2026-03-27,,,,4,,,DSAC,2025
2026-03-27,,,,4,,,SIMA,2025
2026-03-27,,,,4,,,STLY,2025
2026-03-27,,,,4,,,HYEX,2025
2026-03-27,,,,4,,,ACMTA,2025
2026-03-27,-1.33,-0.357,bmo,4,2366000.0,2856000.0,LMFA,2025
2026-03-27,,,,4,,,KBSR,2025
2026-03-27,,,bmo,4,,,NSYS,2025
2026-03-27,,,,4,,,KFII,2025
2026-03-27,-0.39,0.0392,bmo,4,737642000.0,626510463.0,LGN,2025
2026-03-27,-3.05,-3.0805,amc,4,2723000.0,2727000.0,ANY,2025
2026-03-27,,-1.6626,amc,4,,6609600.0,HOFV,2025
2026-03-27,,,,2,,,IMTE,2025
2026-03-27,,,,4,,,YJ,2025
2026-03-27,,,,4,,,EMPD,2025
2026-03-27,-1.04,-1.0639,bmo,4,0.0,0.0,KOD,2025
2026-03-27,,,,4,,,SFIO,2025
2026-03-27,,,,4,,,CNBZ,2025
2026-03-27,-0.61,-0.017,amc,4,32338030.0,32511990.0,BTBT,2025
2026-03-27,,,amc,4,,,SILO,2025
2026-03-27,-0.06,0.0102,amc,4,7962480.0,7856040.0,FORA,2025
2026-03-27,-0.13,-0.1343,bmo,4,467000.0,1369686.0,HUMA,2025
2026-03-27,,,,4,,,STRS,2025
2026-03-27,,,,2,,,LHSW,2026
2026-03-27,,,amc,4,,,SQFT,2025
2026-03-27,,,,4,,,LPBBU,2025
2026-03-27,,,bmo,4,,,HUIZ,2025
2026-03-27,,,amc,4,,,PRFX,2025
2026-03-27,,-0.6528,amc,4,,9690000.0,LAZR,2025
2026-03-27,,-0.0204,amc,4,,13770000.0,AIRI,2025
2026-03-27,,,,4,,,COE,2025
2026-03-27,,,,4,,,GSHR,2025
2026-03-27,,,,4,,,GPFT,2025
2026-03-27,,,,4,,,BBXIA,2025
2026-03-27,-1.44,-0.9737,amc,4,21000.0,0.0,AIM,2025
2026-03-27,,,,4,,,BDRX,2025
2026-03-27,,,,2,,,VERF,2026
2026-03-27,,,,4,,,SFWL,2025
2026-03-27,-0.49,0.357,bmo,4,1076000.0,15606000.0,FGNX,2025
2026-03-27,-0.92,-0.765,amc,4,2538000.0,2870616.0,KSCP,2025
2026-03-27,,,,4,,,CSLMF,2025
2026-03-27,,,,4,,,RDAG,2025
2026-03-27,,0.0102,amc,4,,18951600.0,PRHI,2025
2026-03-27,,,,4,,,VTGDF,2025
2026-03-27,,,,4,,,VGAS,2025
2026-03-27,,,,4,,,HOLO,2025
2026-03-27,-0.34,-0.2716,bmo,4,24289000.0,24970844.0,AUTL,2025
2026-03-27,-0.08,-0.0606,bmo,4,0.0,0.0,TMC,2025
2026-03-27,-0.16,-0.102,amc,4,0.0,0.0,HOTH,2025
2026-03-27,-0.64,-0.5028,dmh,4,0.0,0.0,MNPR,2025
2026-03-27,,,,4,,,UEEC,2025
2026-03-27,,-0.3162,amc,4,,,ENVB,2025
2026-03-27,,-0.1632,amc,4,,28065810.0,MKFG,2025
2026-03-27,,,,4,,,HCMC,2025
2026-03-27,-0.17,-0.3519,bmo,4,0.0,0.0,HOWL,2025
2026-03-27,,,,4,,,UG,2025
2026-03-27,0.14,0.1212,bmo,4,39567000.0,45896016.0,SBC,2025
2026-03-27,,,,4,,,NSTS,2025
2026-03-27,-0.53,-0.4208,bmo,4,22000.0,680003.0,SNTI,2025
2026-03-27,-38.54,-0.0816,amc,4,3020000.0,29682000.0,ORGN,2025
2026-03-27,,,,4,,,GOGY,2025
2026-03-27,-0.43,-1.6279,amc,4,,,CLDI,2025
2026-03-27,,,,4,,,OICT,2025
2026-03-27,0.2,0.1864,dmh,1,6165000000.0,6195646423.0,CCL,2026
2026-03-27,-1.985,-1.2415,amc,4,0.0,0.0,KZR,2025
2026-03-27,,,,4,,,MUEL,2025
2026-03-27,,,,4,,,TLNC,2025
2026-03-27,0.1,0.102,amc,4,2002000.0,1482060.0,LOAN,2025
2026-03-27,,,,4,,,HVMC,2025
2026-03-27,-0.58,-0.765,bmo,4,256000.0,165240.0,BTAI,2025
2026-03-27,,,,4,,,GSRF,2025
2026-03-27,,,,4,,,EMIS,2025
2026-03-27,-0.07,-0.0918,amc,4,,,ENTX,2025
2026-03-27,,,,4,,,CRACU,2025
2026-03-27,,,,4,,,ZNOG,2025
2026-03-27,,,,4,,,RSCF,2025
2026-03-27,,,,4,,,FUSE,2025
2026-03-27,,,,4,,,OTGA,2025
2026-03-27,-0.16,-0.3162,bmo,4,0.0,0.0,ADGM,2025
2026-03-27,-5.52,-5.508,amc,4,52000.0,51000.0,PAVM,2025
2026-03-27,,0.0,,4,,0.0,MTSR,2025
2026-03-28,,,,4,,,ALUB,2025
2026-03-30,,,,4,,,GRNQ,2025
2026-03-30,0.16,0.051,amc,4,0.0,58650000.0,HYAC,2025
2026-03-30,,-1.19,amc,4,0.0,0.0,RVPH,2025
2026-03-30,,,,4,,,CITR,2025
2026-03-30,-0.23,-0.1836,amc,4,4847000.0,6321623.0,ZSPC,2025
2026-03-30,-0.03,-0.0153,amc,4,444920.0,401880.0,NAKA,2025
2026-03-30,-0.06,-0.0816,amc,4,4324000.0,4227900.0,INLX,2025
2026-03-30,,-6.834,,4,,4901100.0,MOVE,2025
2026-03-30,,0.1122,amc,4,4545200.0,5434560.0,ICMB,2025
2026-03-30,,,,4,,,GLXZ,2025
2026-03-30,1.6,1.5995,amc,1,247799000.0,251329530.0,PRGS,2026
2026-03-30,-0.98,-1.0557,amc,4,312000.0,504900.0,SPCE,2025
2026-03-30,-0.28,-0.319,amc,4,0.0,0.0,ANNX,2025
2026-03-30,,,,4,,,ELAB,2025
2026-03-30,,,,4,,,IDXG,2025
2026-03-30,-0.27,-0.3208,amc,4,0.0,0.0,LXEO,2025
2026-03-30,0.15,,bmo,4,2040000.0,,RNGE,2025
2026-03-30,,,,4,,,BAYA,2025
2026-03-30,-2.34,-2.3256,amc,4,303000.0,545700.0,SXTP,2025
2026-03-30,,,,4,,,RDACU,2025
2026-03-30,0.0,,bmo,4,9140000.0,,ANNA,2025
2026-03-30,,,,1,,,KRAQ,2026
2026-03-30,-0.2,-0.204,bmo,4,,,IMSR,2025
2026-03-30,,,,4,,,TETAA,2025
2026-03-30,,,,4,,,VACH,2025
2026-03-30,-3.74,-4.9062,bmo,4,0.0,0.0,SNSE,2025
2026-03-30,-0.01,,amc,4,23560000.0,,SIEB,2025
2026-03-30,,,,4,,,PMVCD,2025
2026-03-30,,-0.6592,amc,4,,9218500.0,LICYF,2025
2026-03-30,-0.01,,bmo,4,590000.0,,GTHP,2025
2026-03-30,,,,3,,,PTIX,2026
2026-03-30,,,,4,,,SPKL,2025
2026-03-30,,,,4,,,CISO,2025
2026-03-30,-0.819,-0.4828,bmo,4,0.0,0.0,UNCY,2025
2026-03-30,,,,4,,,FBYD,2025
2026-03-30,,,,4,,,LOKVU,2025
2026-03-30,,,,4,,,XBP,2025
2026-03-30,,,,4,,,LSMG,2025
2026-03-30,-0.05,-0.0306,amc,4,2390000.0,5327970.0,VRME,2025
2026-03-30,,,,4,,,PTIX,2025
2026-03-30,,,,2,,,DTGI,2026
2026-03-30,,,,4,,,PIAC,2025
2026-03-30,,-0.2652,amc,4,,,GNPX,2025
2026-03-30,,,,4,,,DLTI,2025
2026-03-30,,,,4,,,CMRF,2025
2026-03-30,-0.38,,amc,4,24030000.0,,SPRU,2025
2026-03-30,,,,4,,,LVPR,2025
2026-03-30,,-0.0204,bmo,4,,359856000.0,SHCO,2025
2026-03-30,,,,4,,,EUBG,2025
2026-03-30,,-0.2244,amc,4,0.0,0.0,ALLR,2025
2026-03-30,,,,4,,,LHTV,2025
2026-03-30,-0.79,-0.1836,amc,4,0.0,0.0,KTTA,2025
2026-03-30,,,,2,,,RYET,2026
2026-03-30,,,,4,,,DWSN,2025
2026-03-30,0.1,0.1729,amc,4,83010000.0,108459996.0,PROP,2025
2026-03-30,-0.36,-0.4692,amc,4,0.0,0.0,LTRN,2025
2026-03-30,,,,4,,,SPCO,2025
2026-03-30,-0.68,-0.6845,bmo,4,,0.0,BCAX,2025
2026-03-30,-0.11,-0.2856,bmo,4,,,SCNX,2025
2026-03-30,-0.42,-0.1275,amc,4,0.0,0.0,AEON,2025
2026-03-30,-0.24,-0.2838,amc,4,0.0,0.0,TERN,2025
2026-03-30,-0.2,-0.1904,amc,4,0.0,0.0,ATNM,2025
2026-03-30,-0.16,,amc,4,4950000.0,,CVV,2025
2026-03-30,,,,4,,,MLP,2025
2026-03-30,0.0,,amc,3,400000.0,,GAHC,2025
2026-03-30,,,amc,4,,,EMMA,2025
2026-03-30,,,amc,4,,,EXOZ,2025
2026-03-30,0.02,-0.0102,amc,4,580000.0,675240.0,OXBR,2025
2026-03-30,25.84,-1.6941,bmo,4,,0.0,VOR,2025
2026-03-30,,,,4,,,BKFG,2025
2026-03-30,,,,4,,,ESGH,2025
2026-03-30,,,,4,,,NBRI,2025
2026-03-30,-0.11,-0.0612,amc,4,14228000.0,20706000.0,SGMO,2025
2026-03-30,,,,4,,,KEN,2025
2026-03-30,,,,4,,,WHLT,2025
2026-03-30,2.11,-0.1122,amc,4,4488000.0,3493500.0,DFDV,2025
2026-03-30,-0.01,,amc,4,2330000.0,,CRVW,2025
2026-03-30,-0.2,-0.2652,amc,4,0.0,0.0,INMB,2025
2026-03-30,0.04,,amc,4,140000.0,,MTR,2025
2026-03-30,,,,4,,,KBLB,2025
2026-03-30,,,,4,,,IWSH,2025
2026-03-30,,,,4,,,PMTR,2025
2026-03-30,,,,4,,,TVAI,2025
2026-03-30,,,,4,,,GTEN,2025
2026-03-30,,,,4,,,SVVC,2025
2026-03-30,,,,4,,,QPRC,2025
2026-03-30,-0.32,-0.0561,amc,4,341000.0,510000.0,POET,2025
2026-03-30,,,,4,,,KCHV,2025
2026-03-30,-0.59,-0.3788,amc,4,822000.0,2032120.0,INV,2025
2026-03-30,,,,4,,,DRDB,2025
2026-03-30,,,,4,,,HRGN,2025
2026-03-30,-0.02,,amc,4,1220000.0,,LGL,2025
2026-03-30,,,,4,,,LVVR,2025
2026-03-30,-0.01,-0.0102,amc,4,1097000.0,877200.0,AURX,2025
2026-03-30,0.11,0.1263,amc,4,7032000.0,7485615.0,HQI,2025
2026-03-30,-0.35,-0.3321,bmo,4,0.0,0.0,NMRA,2025
2026-03-30,,,,4,,,BOTY,2025
2026-03-30,,,,4,,,ISCO,2025
2026-03-30,,-27.03,amc,4,,142800.0,HSDT,2025
2026-03-30,-0.66,-0.6273,bmo,4,3613000.0,3366000.0,ALUR,2025
2026-03-30,-0.2,-0.1938,amc,4,1022000.0,1122000.0,CXAI,2025
2026-03-30,,,,4,,,ELSE,2025
2026-03-30,,,,4,,,NXDT,2025
2026-03-30,,,,4,,,YTFD,2025
2026-03-30,-0.23,-0.0303,amc,4,26708000.0,29290000.0,BOC,2025
2026-03-30,,,,4,,,MCAP,2025
2026-03-30,,,,4,,,NOEM,2025
2026-03-30,,-2.04,amc,4,,,QUCY,2025
2026-03-30,,,,4,,,ASST,2025
2026-03-30,,,amc,4,,,GRTX,2025
2026-03-30,,-0.051,,4,,13515000.0,SATX,2025
2026-03-30,,,,4,,,AERG,2025
2026-03-30,,,,2,,,RCON,2026
2026-03-30,-0.08,-0.0816,amc,4,238000.0,428145.0,RNXT,2025
2026-03-30,,,,4,,,ASTI,2025
2026-03-30,,-0.0918,amc,4,,64770000.0,LVLU,2025
2026-03-30,-0.18,-0.0167,bmo,4,0.0,8421803.0,FRMI,2025
2026-03-30,,,,4,,,LWAC,2025
2026-03-30,,0.0306,,4,,27378330.0,RZLV,2025
2026-03-30,,,,4,,,NEWH,2025
2026-03-30,,,,1,,,HLEO,2026
2026-03-30,,,,4,,,OBA,2025
2026-03-30,,,,4,,,HCMA,2025
2026-03-30,-0.21,-0.204,bmo,4,9207000.0,10812000.0,SLNH,2025
2026-03-30,,,,4,,,PGNT,2025
2026-03-30,-0.22,,amc,4,0.0,,ATXI,2025
2026-03-30,,,,4,,,SJT,2025
2026-03-30,,,,4,,,OZ,2025
2026-03-30,,,,4,,,PW,2025
2026-03-30,-0.17,-0.1836,amc,4,0.0,0.0,DMAC,2025
2026-03-30,,,,4,,,PLSH,2025
2026-03-30,0.02,0.0727,amc,4,127067000.0,127883170.0,PHR,2026
2026-03-30,,,,4,,,TDAC,2025
2026-03-30,-0.75,-1.2852,amc,4,1882000.0,510000.0,ENSC,2025
2026-03-30,0.0,-1.53,amc,4,0.0,0.0,AKTX,2025
2026-03-30,,,amc,4,,,TLSS,2025
2026-03-30,,,,4,,,NA,2025
2026-03-30,,,,4,,,VCNX,2025
2026-03-30,-0.37,-0.4361,bmo,4,0.0,0.0,AURA,2025
2026-03-30,,,,1,,,BLZR,2026
2026-03-30,,,,4,,,SBLX,2025
2026-03-30,-0.476,-0.1258,bmo,4,1643000.0,0.0,USAR,2025
2026-03-30,-0.32,-0.7592,amc,4,0.0,0.0,JSPR,2025
2026-03-30,,-0.0306,bmo,4,58799000.0,65864460.0,CBAT,2025
2026-03-30,-0.21,-0.1428,amc,4,90606000.0,99497940.0,FTHM,2025
2026-03-30,,,,4,,,SVCC,2025
2026-03-30,-0.38,-0.0714,amc,4,,0.0,AIRJ,2025
2026-03-30,-0.14659,-0.1938,bmo,4,0.0,0.0,PDSB,2025
2026-03-31,-0.02,,amc,4,11680000.0,,JSDA,2025
2026-03-31,,,,4,,,CBDY,2025
2026-03-31,,,,4,,,VMCAF,2025
2026-03-31,-0.02,-0.0255,amc,4,33442000.0,35201903.0,AIRS,2025
2026-03-31,,,,4,,,FCRS,2025
2026-03-31,,,,4,,,HGTXU,2025
2026-03-31,,,,4,,,DSHK,2025
2026-03-31,-0.36,-2.4378,amc,4,3542640.0,3891300.0,CYCU,2025
2026-03-31,-0.518,-0.3468,amc,4,2275000.0,1887000.0,NWTG,2025
2026-03-31,,,,4,,,TDWD,2025
2026-03-31,-0.1,-0.0995,amc,4,334857000.0,341620440.0,SPWH,2026
2026-03-31,3.82,3.336,amc,4,2505100000.0,2460925266.0,PVH,2026
2026-03-31,-1.914,-1.4428,amc,4,0.0,3825.0,CNTB,2025
2026-03-31,,-0.0408,,4,,9460500.0,SOWG,2025
2026-03-31,-1.578,-0.3838,amc,4,4127000.0,5151000.0,DSS,2025
2026-03-31,,-7.2828,amc,4,,190740.0,LYRA,2025
2026-03-31,,,,4,,,TWAV,2025
2026-03-31,-0.35,-0.2856,amc,4,4525830.0,5753820.0,VENU,2025
2026-03-31,,,,4,,,GLTK,2025
2026-03-31,,,,4,,,BIXI,2025
2026-03-31,,,,4,,,TOON,2025
2026-03-31,,,,4,,,LIXT,2025
2026-03-31,-8.0,-12.24,amc,4,2000000.0,0.0,BCAB,2025
2026-03-31,,,,4,,,XXI,2025
2026-03-31,-0.5,-0.1387,bmo,4,0.0,0.0,OSTX,2025
2026-03-31,,,,4,,,IGAC,2025
2026-03-31,,,,4,,,AEI,2025
2026-03-31,-0.01,-0.0893,amc,4,814000.0,1320900.0,FEMY,2025
2026-03-31,,,,4,,,RBCN,2025
2026-03-31,-0.78,-0.6592,amc,4,0.0,0.0,TVRD,2025
2026-03-31,,0.2193,bmo,4,,4437000.0,CDZI,2025
2026-03-31,,,,4,,,GRML,2025
2026-03-31,-0.24,,bmo,4,12810000.0,,NXPL,2025
2026-03-31,,0.0612,amc,4,,5100000.0,AGPU,2025
2026-03-31,,,,4,,,YHNA,2025
2026-03-31,,,,4,,,CEP,2025
2026-03-31,-1.39,-1.2376,amc,4,0.0,0.0,FBRX,2025
2026-03-31,,-0.0204,amc,4,,7140000.0,KULR,2025
2026-03-31,,-0.408,amc,4,,1224000.0,AQMS,2025
2026-03-31,-0.28,-0.5712,amc,4,0.0,0.0,SNGX,2025
2026-03-31,,,amc,4,,,NVVE,2025
2026-03-31,,,,4,,,OMEX,2025
2026-03-31,,,,4,,,AREB,2025
2026-03-31,-10.15,-5.1918,amc,4,0.0,0.0,CNSP,2025
2026-03-31,-1.07,-1.0547,amc,4,30011000.0,26536320.0,SKLZ,2025
2026-03-31,,,,4,,,RDGL,2025
2026-03-31,,,,4,,,INFQ,2025
2026-03-31,,,,4,,,ADAC,2025
2026-03-31,,,,4,,,UAVS,2025
2026-03-31,,,,4,,,SHAZ,2025
2026-03-31,,,,4,,,WORX,2025
2026-03-31,0.98,-0.5814,amc,4,0.0,0.0,OMER,2025
2026-03-31,-1.07,-6.5994,amc,4,27999000.0,12444000.0,LNZA,2025
2026-03-31,,,amc,4,,,SIDU,2025
2026-03-31,,,,4,,,PLAG,2025
2026-03-31,,,,4,,,FFLO,2025
2026-03-31,,-0.0102,amc,4,,10812000.0,SCWO,2025
2026-03-31,,,,4,,,ACRG,2025
2026-03-31,,,,4,,,BESS,2025
2026-03-31,,,,4,,,ISRL,2025
2026-03-31,-0.01,0.1122,amc,4,16079000.0,26693400.0,FBIO,2025
2026-03-31,,,,4,,,RLBY,2025
2026-03-31,,,,4,,,HMBL,2025
2026-03-31,,,,4,,,TPHS,2025
2026-03-31,,,,4,,,FGMC,2025
2026-03-31,4.73,3.3399,bmo,1,17161198000.0,15746938845.0,SNX,2026
2026-03-31,0.14,-0.0612,amc,4,3789560.0,3672000.0,BCHT,2025
2026-03-31,,0.2723,bmo,4,,158477400.0,MGIC,2025
2026-03-31,,,,4,,,TKMO,2025
2026-03-31,-0.73,-0.3774,bmo,4,,,NTHI,2025
2026-03-31,,,,4,,,BNKK,2025
2026-03-31,-0.02,-0.0204,amc,4,1016700.0,2354160.0,TOMZ,2025
2026-03-31,,,,4,,,JFIN,2025
2026-03-31,,,,4,,,BCG,2025
2026-03-31,0.19,0.2127,amc,4,141370000.0,150728460.0,NCNO,2026
2026-03-31,0.0,-0.0051,bmo,4,27712000.0,31365000.0,XTNT,2025
2026-03-31,,,,4,,,BXLC,2025
2026-03-31,,,,4,,,JSDA,2026
2026-03-31,-0.06,-0.0357,amc,4,12699000.0,14853750.0,REKR,2025
2026-03-31,,,,4,,,FERAU,2025
2026-03-31,-0.35,-0.2958,amc,4,908860.0,912900.0,IDAI,2025
2026-03-31,,,,4,,,HENI,2025
2026-03-31,-0.48,-0.3884,amc,4,0.0,0.0,CNTA,2025
2026-03-31,-0.555,-0.8364,amc,4,0.0,0.0,INKT,2025
2026-03-31,,,,4,,,INIS,2025
2026-03-31,,,,4,,,DQWS,2025
2026-03-31,,,,4,,,NASO,2025
2026-03-31,,-0.202,,4,23082000.0,14847000.0,PED,2025
2026-03-31,0.0,,bmo,4,12480000.0,,SLSN,2025
2026-03-31,-1.45,-2.04,amc,4,,,TVGN,2025
2026-03-31,-1.99,-1.1975,bmo,4,0.0,0.0,IMNN,2025
2026-03-31,-158.21,-30.906,amc,4,4139000.0,8415000.0,TRNR,2025
2026-03-31,,,,4,,,ETX,2025
2026-03-31,-0.21,-0.3876,bmo,4,1025000.0,102000.0,CYCN,2025
2026-03-31,-0.15,-0.0102,amc,4,9108980.0,10200000.0,DUOT,2025
2026-03-31,,,,4,,,NNDM,2025
2026-03-31,-0.83,0.008,bmo,4,358554000.0,413462600.0,TE,2025
2026-03-31,,-0.663,,4,,1020000000.0,STSS,2025
2026-03-31,,,,4,,,THMG,2025
2026-03-31,-1.43,-1.1883,bmo,4,0.0,0.0,CVKD,2025
2026-03-31,,,,4,,,AMZE,2025
2026-03-31,-0.052,-0.0425,amc,4,447030.0,780473.0,VNRX,2025
2026-03-31,,,,4,,,BURU,2025
2026-03-31,,,,4,,,MAGE,2025
2026-03-31,,,,4,,,DOMH,2025
2026-03-31,,,,4,,,FECOF,2025
2026-03-31,-0.02,-0.1265,bmo,4,138410000.0,138528240.0,JILL,2026
2026-03-31,,-1.8054,bmo,4,,1428000.0,TONX,2025
2026-03-31,,,,4,,,SDSYA,2025
2026-03-31,,,,4,,,RSRV,2025
2026-03-31,-12.14,,bmo,4,2440000.0,,FRMM,2025
2026-03-31,-3.19,-0.8568,amc,4,395000.0,0.0,HCWB,2025
2026-03-31,,,,2,,,PHOE,2026
2026-03-31,-2.58,-0.051,amc,4,0.0,102000.0,STEX,2025
2026-03-31,,,,4,,,LIMN,2025
2026-03-31,-0.013,-0.0153,amc,4,2057980.0,2355690.0,MLSS,2025
2026-03-31,-0.93,-0.4794,bmo,4,73861000.0,73389000.0,KORE,2025
2026-03-31,,,,4,,,KEWL,2025
2026-03-31,-2.06,-9.0576,amc,4,9743000.0,3570000.0,WKHS,2025
2026-03-31,-0.19,-0.0714,bmo,4,1241000.0,2244000.0,BKYI,2025
2026-03-31,0.79,0.7854,bmo,3,11173200.0,13464000.0,TAYD,2026
2026-03-31,,-0.1054,bmo,4,,0.0,NRSN,2025
2026-03-31,,,,4,,,CNRD,2025
2026-03-31,,,,4,,,UCIX,2025
2026-03-31,,-0.0612,,4,,204000000.0,BICX,2025
2026-03-31,0.164,0.2193,amc,4,25910000.0,28784400.0,FTLF,2025
2026-03-31,-0.12,-0.0918,amc,4,2796000.0,3304800.0,NXGL,2025
2026-03-31,,,,4,,,IPDN,2025
2026-03-31,,,,4,,,COPL,2025
2026-03-31,,,,4,,,CREG,2025
2026-03-31,,-0.202,bmo,4,,53806740.0,RDI,2025
2026-03-31,,-0.1122,amc,4,,,VTAK,2025
2026-03-31,,,amc,4,,,MTNB,2025
2026-03-31,-0.03,0.0306,bmo,4,1396700.0,2040000.0,RMCO,2025
2026-03-31,,,,4,,,JWSMF,2025
2026-03-31,,,,4,,,IPCX,2025
2026-03-31,,,,4,,,IMII,2025
2026-03-31,,,,4,,,TACH,2025
2026-03-31,0.12,,bmo,4,12620000.0,,BOSC,2025
2026-03-31,,,,4,,,SAFX,2025
2026-03-31,-0.16,,amc,4,4010000.0,,BOF,2025
2026-03-31,-0.16,-0.1224,amc,4,337000.0,111690.0,SPAI,2025
2026-03-31,,,,4,,,INVU,2026
2026-03-31,,,,4,,,TACO,2025
2026-03-31,,-0.306,amc,4,,25500.0,BGMS,2025
2026-03-31,,,,4,,,VPRB,2025
2026-03-31,0.0,,amc,4,0.0,,LTUM,2025
2026-03-31,,,,4,,,LDSN,2025
2026-03-31,,-0.9078,amc,4,,0.0,APTO,2025
2026-03-31,,,,4,,,MDIA,2025
2026-03-31,-22.0,-8.976,amc,4,8408000.0,13635360.0,DRCT,2025
2026-03-31,-0.187,-0.2525,amc,3,6392000.0,6455920.0,DSS,2025
2026-03-31,,,,4,,,NNUP,2025
2026-03-31,,,,4,,,CCCX,2025
2026-03-31,,-0.0816,amc,4,,5530440.0,BRFH,2025
2026-03-31,,,,4,,,CLRO,2025
2026-03-31,,,,4,,,OPTX,2025
2026-03-31,,0.0204,bmo,4,,40800000.0,SGRP,2025
2026-03-31,,,,4,,,BHAC,2025
2026-03-31,,,,4,,,CRAQ,2025
2026-03-31,,,,4,,,AMOD,2025
2026-03-31,,-0.5252,amc,4,,505000.0,AQB,2025
2026-03-31,,,,4,,,KWIK,2025
2026-03-31,-1.16,-0.0808,bmo,4,0.0,0.0,TBH,2025
2026-03-31,,,amc,4,,,SCND,2025
2026-03-31,,,,4,,,TORM,2025
2026-03-31,,,,4,,,TAVI,2025
2026-03-31,0.35,0.2848,amc,3,11279000000.0,11348819045.0,NKE,2026
2026-03-31,-0.002,0.0867,bmo,4,48278000.0,53244000.0,AIRO,2025
2026-03-31,,,,4,,,CVU,2025
2026-03-31,,,,4,,,NXTS,2025
2026-03-31,,,amc,4,,,GNLN,2025
2026-03-31,,-0.5712,bmo,4,,,EDBL,2025
2026-03-31,-0.8,-0.5202,amc,4,,,GLMD,2025
2026-03-31,,,,4,,,CYBL,2025
2026-03-31,,,,4,,,VYND,2025
2026-03-31,,,,4,,,ALBT,2025
2026-03-31,,,,4,,,IVFH,2025
2026-03-31,0.66,0.6004,bmo,1,1873900000.0,1804635781.0,MKC,2026
2026-03-31,,,,4,,,NHICU,2025
2026-03-31,,,,4,,,HLYK,2025
2026-03-31,-1.15,0.4046,amc,4,529600000.0,566987032.0,PLAY,2026
2026-03-31,-0.13,,amc,4,1790000.0,,CSAI,2025
2026-03-31,0.49,2.0629,bmo,4,2974485000.0,3163892670.0,CHA,2025
2026-03-31,,,,4,,,SCGX,2025
2026-03-31,0.51,0.0408,dmh,4,49578000.0,53897483.0,MRDN,2025
2026-03-31,,,,4,,,GEDC,2025
2026-03-31,-0.06,-0.306,amc,4,3671000.0,2473500.0,CLIR,2025
2026-03-31,,,bmo,4,,,TOYO,2025
2026-03-31,,,,4,,,QSEP,2025
2026-03-31,-1.07077,-0.9295,bmo,4,0.0,0.0,PVLA,2025
2026-03-31,,-0.204,amc,4,,3060000.0,SDEV,2025
2026-03-31,,,,4,,,SOAR,2025
2026-03-31,0.05,,,4,5200000.0,,ONVC,2025
2026-03-31,-0.2,-0.4386,amc,4,0.0,0.0,BCLI,2025
2026-03-31,-3.64,-3.672,amc,4,264000.0,128520.0,CODX,2025
2026-03-31,,-6.0078,amc,4,,0.0,DCOY,2025
2026-03-31,,,,4,,,PLMK,2025
2026-03-31,,,,4,,,QURT,2025
2026-03-31,-3.26,-1.2546,amc,4,0.0,0.0,NDRA,2025
2026-03-31,0.04,0.0204,bmo,4,88255000.0,88332000.0,ALTI,2025
2026-03-31,,,amc,4,,,MNTS,2025
2026-03-31,,,,4,,,RPMT,2025
2026-03-31,,,,4,,,USCTF,2025
2026-03-31,,,,4,,,CYTOF,2025
2026-03-31,-0.08,-0.102,bmo,4,0.0,0.0,GALT,2025
2026-03-31,,,,4,,,BDCO,2025
2026-03-31,-0.16,-0.102,amc,4,381270.0,776220.0,OSRH,2025
2026-03-31,,0.0505,amc,4,,10114645.0,FSI,2025
2026-03-31,,,,4,,,MCGA,2025
2026-03-31,-0.17,-0.1326,amc,4,0.0,0.0,HURA,2025
2026-03-31,,,,4,,,YIBO,2025
2026-03-31,,,,4,,,VASO,2025
2026-03-31,,,,4,,,INTJ,2025
2026-03-31,,-0.306,amc,4,,0.0,ZVSA,2025
2026-03-31,,,,4,,,IPSI,2025
2026-03-31,-0.12,-0.0714,bmo,4,16025000.0,20706000.0,LNSR,2025
2026-03-31,,,,4,,,CRTD,2025
2026-03-31,-0.14,-0.1836,amc,4,49750000.0,59945400.0,GENK,2025
2026-03-31,,,,4,,,NXTT,2025
2026-03-31,,,,4,,,BBLR,2025
2026-03-31,,,,4,,,AUID,2025
2026-03-31,,,bmo,4,,,CNTN,2025
2026-03-31,0.79,0.6124,bmo,4,87793000.0,89633928.0,TBRG,2025
2026-03-31,-1.98,-1.1424,amc,4,12639000.0,91708200.0,GOCO,2025
2026-03-31,,,,4,,,KLNG,2025
2026-03-31,-0.273,-0.5916,amc,4,129000.0,71400.0,FFAI,2025
2026-03-31,,,,4,,,SRG,2025
2026-03-31,,,amc,4,,,TCRT,2025
2026-03-31,,,bmo,4,,,IH,2025
2026-03-31,,,,4,,,ELLO,2025
2026-03-31,-0.07,-0.0544,amc,4,0.0,0.0,KAPA,2025
2026-03-31,-0.02,-0.0428,bmo,4,140688000.0,142605180.0,PRPL,2025
2026-03-31,,,amc,4,,,LAES,2025
2026-03-31,,,,4,,,PAYD,2025
2026-03-31,4.46,4.4193,bmo,2,611019000.0,610710023.0,FDS,2026
2026-03-31,,-0.6171,amc,4,2810850.0,3250403.0,BNZI,2025
2026-03-31,-0.33,-0.1326,amc,4,61589000.0,63820380.0,BYND,2025
2026-03-31,,,,4,,,EBFI,2025
2026-03-31,,,,4,,,XONI,2025
2026-03-31,,-0.0408,bmo,4,,0.0,MIRA,2025
2026-03-31,,,,4,,,YXT,2025
2026-03-31,,,,4,,,CEPV,2025
2026-03-31,,,bmo,4,,,ADTX,2025
2026-03-31,-0.39,-0.3162,amc,4,2359000.0,2766240.0,BLNE,2025
2026-03-31,,,,4,,,VYCO,2025
2026-03-31,-3.02,-2.3409,bmo,4,47679000.0,57421920.0,BIRD,2025
2026-03-31,,,amc,4,,,MDBH,2025
2026-03-31,,,,4,,,SUIC,2025
2026-03-31,,,bmo,4,,,SOGP,2025
2026-03-31,-0.09,0.0202,bmo,4,7728000.0,8867800.0,AMS,2025
2026-03-31,,,amc,4,,,AVX,2025
2026-03-31,-0.25,-0.0539,amc,4,50226000.0,64601475.0,KEEL,2025
2026-03-31,,-2.448,bmo,4,,13974000.0,MIGI,2025
2026-03-31,,,,4,,,VSEE,2025
2026-04-01,,-0.1938,amc,4,,0.0,ADAG,2025
2026-04-01,,,amc,4,,,AUMN,2025
2026-04-01,,-0.1212,amc,4,,5252000.0,AWH,2025
2026-04-01,-0.72,0.0102,bmo,4,6070000.0,11046600.0,SNYR,2025
2026-04-01,,,,3,,,BEGI,2025
2026-04-01,,,,2,,,HPF,2026
2026-04-01,,,,4,,,CAPC,2025
2026-04-01,,,,4,,,TOPS,2025
2026-04-01,1.53,2.2833,bmo,4,842623000.0,895306488.0,RH,2026
2026-04-01,,,,4,,,LIFD,2025
2026-04-01,-0.067,-0.0714,amc,4,22000.0,76500.0,JUNS,2025
2026-04-01,,,,2,,,DOGZ,2026
2026-04-01,0.72,0.6312,bmo,3,1564800000.0,1537672168.0,LW,2026
2026-04-01,,,,4,,,TGLO,2025
2026-04-01,1.25,1.2241,bmo,2,622505000.0,621072563.0,UNF,2026
2026-04-01,,,,4,,,HEWA,2025
2026-04-01,,,,4,,,ZEO,2025
2026-04-01,,,,4,,,XWEL,2025
2026-04-01,,,,4,,,NTIP,2025
2026-04-01,,1.414,amc,4,,1030164650.0,GES,2026
2026-04-01,,,,4,,,CBRRF,2025
2026-04-01,-0.12,-0.1414,bmo,4,1775000.0,2433090.0,OLB,2025
2026-04-01,0.39,0.4044,bmo,3,2787800000.0,2790406325.0,CAG,2026
2026-04-01,,,,4,,,PLMJF,2025
2026-04-01,,,bmo,4,,,ISPC,2025
2026-04-01,,,,4,,,RAFI,2025
2026-04-01,-0.066,-0.4794,bmo,4,2455000.0,2480640.0,GIPR,2025
2026-04-01,-0.04,-0.0533,bmo,1,0.0,0.0,NG,2026
2026-04-01,,,,2,,,HPI,2026
2026-04-01,,,,2,,,HPS,2026
2026-04-01,-0.24,-0.1428,bmo,3,206732000.0,205377448.0,TLRY,2026
2026-04-01,0.82,0.8446,bmo,2,917774000.0,941042250.0,MSM,2026
2026-04-01,,,,4,,,ONFO,2025
2026-04-01,,-0.051,,4,,1806930.0,USEG,2025
2026-04-01,,,,4,,,MGRX,2025
2026-04-01,,,,4,,,UOKA,2025
2026-04-01,,0.0071,,4,,3950460000.0,ASFH,2025
2026-04-01,-0.17,0.0258,amc,2,59647000.0,60468210.0,FC,2026
2026-04-01,0.52,0.431,amc,2,342999000.0,344696637.0,PENG,2026
2026-04-01,0.13,0.1734,amc,1,80340000.0,85637160.0,BSET,2026
2026-04-01,1.06,0.816,bmo,3,666951000.0,654820620.0,CALM,2026
2026-04-01,,,,4,,,TVTV,2025
2026-04-01,,,,4,,,ZDPY,2025
2026-04-01,,,,4,,,SHFS,2025
2026-04-01,,,,4,,,MLGO,2025
2026-04-02,,,,4,,,MCIC,2025
2026-04-02,,,,4,,,NIXX,2025
2026-04-02,,,,4,,,CRTAF,2025
2026-04-02,,,,4,,,APXIF,2025
2026-04-02,,-4.3452,amc,4,,4295220.0,JAGX,2025
2026-04-02,,,,4,,,DYNR,2025
2026-04-02,,,,4,,,CTHR,2025
2026-04-02,,,,4,,,HWNI,2025
2026-04-02,0.02,-0.1122,bmo,3,78423000.0,78302003.0,ANGO,2026
2026-04-02,,0.3257,,4,,7076024398.0,ZK,2025
2026-04-02,,,,4,,,NUMD,2025
2026-04-02,,,,4,,,RIME,2025
2026-04-02,1.15,1.7019,bmo,2,157715000.0,173105162.0,LNN,2026
2026-04-02,,,bmo,4,,,GORV,2025
2026-04-02,,,,2,,,NPFD,2026
2026-04-02,-0.72,-0.6333,bmo,4,0.0,0.0,PHVS,2025
2026-04-02,,,,4,,,NAMM,2025
2026-04-02,,,,2,,,JPI,2026
2026-04-02,,-0.493,amc,4,,6576450.0,VVOS,2025
2026-04-02,,-0.051,,2,,754440960.0,RDUS,2026
2026-04-02,,0.0153,,4,,141812605.0,CCG,2025
2026-04-02,,,,4,,,HGAS,2025
2026-04-02,,,,4,,,EUSP,2025
2026-04-02,,,,4,,,QH,2025
2026-04-02,,,,2,,,JQC,2026
2026-04-02,,,amc,4,,,HTOO,2025
2026-04-02,,-16.32,amc,4,,9996000.0,SONX,2025
2026-04-02,4.14,4.0387,bmo,2,1055700000.0,1093591468.0,AYI,2026
2026-04-02,,,,4,,,EAXR,2025
2026-04-02,,,,4,,,SSEA,2025
2026-04-02,,,,2,,,EACO,2026
2026-04-03,0.77,0.6324,dmh,4,86476000.0,86149200.0,RCMT,2025
2026-04-03,,,,4,,,GMER,2025
2026-04-03,,,,2,,,BLE,2026
2026-04-03,,,,2,,,MYN,2026
2026-04-03,,,,4,,,ZCMD,2025
2026-04-03,,,,2,,,DSY,2026
2026-04-03,,,,4,,,MKDW,2026
2026-04-03,,,,4,,,MCBK,2025
2026-04-03,,,,1,,,TCBC,2026
2026-04-03,-0.54,-0.2754,dmh,4,8577000.0,10200000.0,SBFM,2025
2026-04-06,,,,4,,,ATAO,2025
2026-04-06,,,,4,,,HBSI,2025
2026-04-06,,-2.754,,4,,1584060.0,BIAF,2025
2026-04-06,,-1.4688,amc,4,,,KALA,2025
2026-04-06,,,,4,,,WDRP,2025
2026-04-06,,,,4,,,ATVK,2025
2026-04-06,,,,4,,,CDT,2025
2026-04-06,,,,4,,,EP,2025
2026-04-06,,,,4,,,POLA,2025
2026-04-06,,,,4,,,CENN,2025
2026-04-06,,,,4,,,SMEV,2025
2026-04-06,,-2.3052,amc,4,,16321020.0,VERO,2025
2026-04-06,,,,4,,,TULP,2025
2026-04-06,,,,4,,,DXYN,2025
2026-04-06,,,,2,,,BFK,2026
2026-04-06,,,,4,,,INVU,2025
2026-04-06,,,,2,,,BNY,2026
2026-04-06,,,,4,,,MTEK,2025
2026-04-06,,,,2,,,MIY,2026
2026-04-06,,0.3859,,1,,127780500.0,MIAX,2026
2026-04-06,,,,2,,,MPA,2026
2026-04-06,,,,2,,,MQT,2026
2026-04-06,-0.89,-0.2306,amc,4,84216000.0,106641000.0,IQST,2025
2026-04-06,,,,2,,,MUC,2026
2026-04-06,,,,2,,,MYI,2026
2026-04-06,,,,2,,,MYD,2026
2026-04-06,,,,4,,,RHE,2025
2026-04-06,,0.5782,bmo,2,,39278198050.0,WBA,2026
2026-04-06,,,,2,,,MHD,2026
2026-04-06,,,,2,,,MUA,2026
2026-04-06,,,,2,,,MVT,2026
2026-04-06,,,,2,,,BTT,2026
2026-04-06,,,,4,,,CHKR,2025
2026-04-06,-0.02,,amc,4,46570000.0,,SMXT,2025
2026-04-06,,0.5304,bmo,4,,,SWKH,2025
2026-04-06,,,,4,,,MYND,2025
2026-04-07,,,,4,,,NNNN,2025
2026-04-07,-0.32,-0.4998,amc,4,1168000.0,1674840.0,XELB,2025
2026-04-07,-0.05,-0.0714,amc,3,10313000.0,11062410.0,AEHR,2026
2026-04-07,-0.29,-0.0556,amc,4,0.0,0.0,NBP,2025
2026-04-07,-0.14,-0.1598,amc,2,80018000.0,79140270.0,KRUS,2026
2026-04-07,,,,4,,,DBGI,2025
2026-04-07,,,,4,,,KXIN,2025
2026-04-07,,,,3,,,LDXC,2026
2026-04-07,,,,2,,,MUE,2026
2026-04-07,0.47,0.8316,amc,2,587500000.0,670308386.0,GBX,2026
2026-04-07,,,,4,,,MCDIF,2025
2026-04-07,0.42,0.3762,amc,1,1742500000.0,1680730795.0,LEVI,2026
2026-04-07,0.58,0.3502,amc,2,222461000.0,224627460.0,PXED,2026
2026-04-07,1.26,1.2995,amc,4,130653000.0,132753000.0,SKIL,2026
2026-04-07,,-0.1134,,1,,46430981.0,PACB,2027
2026-04-07,,,,4,,,PNBI,2025
2026-04-07,,,,2,,,IMTE,2026
2026-04-07,0.0,0.0,dmh,4,5345000.0,5120400.0,QMCI,2025
2026-04-07,,,,4,,,ACCR,2025
2026-04-07,,0.102,amc,4,,58140000.0,CMBM,2025
2026-04-08,-0.4,-0.1071,amc,3,126637000.0,78092872.0,APLD,2026
2026-04-08,,,,4,,,AMIH,2025
2026-04-08,0.57,0.3564,bmo,3,1607949000.0,1561637143.0,RPM,2026
2026-04-08,-6.95,,bmo,4,53050000.0,,BBGI,2025
2026-04-08,,,,4,,,VSTD,2025
2026-04-08,,,,1,,,GLCP,2026
2026-04-08,-0.09,-0.1077,amc,3,107930000.0,109282000.0,RGP,2026
2026-04-08,,,,4,,,BUDZ,2025
2026-04-08,,-2.856,,4,,3060000.0,RVYL,2025
2026-04-08,,,,4,,,MOBQ,2025
2026-04-08,-0.18,-0.0204,amc,4,18456000.0,20043000.0,GAME,2025
2026-04-08,,,,3,,,CIPI,2025
2026-04-08,,,,3,,,AXIL,2026
2026-04-08,0.05,,amc,2,5170000.0,,PCYO,2026
2026-04-08,-0.79,-0.7694,bmo,1,6252000.0,15992406.0,NRIX,2026
2026-04-08,,,,4,,,FIEE,2025
2026-04-08,,1.8002,bmo,1,,2914077381.0,HES,2026
2026-04-08,,-0.2244,,3,,31964760.0,LFCR,2026
2026-04-08,,,,3,,,CYDY,2026
2026-04-08,-0.73,-0.1275,amc,4,5629000.0,6581040.0,PPSI,2025
2026-04-08,1.62,1.5759,amc,2,1495528000.0,1504623420.0,PSMT,2026
2026-04-08,,,,4,,,ALCY,2025
2026-04-08,0.07,0.0459,amc,3,55472000.0,54187500.0,RELL,2026
2026-04-08,,,,4,,,EQS,2025
2026-04-08,,,,4,,,FOTB,2025
2026-04-08,1.9,1.7355,amc,4,1920200000.0,1900632140.0,STZ,2026
2026-04-08,,,,4,,,HSPT,2025
2026-04-08,,,,4,,,SPPL,2025
2026-04-08,,,,1,,,NXGL,2026
2026-04-08,,0.0544,amc,4,,44778000.0,CVAC,2025
2026-04-08,,,,4,,,VKSC,2025
2026-04-08,0.64,0.5783,bmo,1,14200000000.0,14152226928.0,DAL,2026
2026-04-08,,,,4,,,HBUV,2025
2026-04-09,0.01,0.0204,bmo,2,21996000.0,21522000.0,NTIC,2026
2026-04-09,,,,1,,,HIFS,2026
2026-04-09,1.5,1.4535,amc,2,161671000.0,157518600.0,WDFC,2026
2026-04-09,0.09,0.0587,bmo,3,211200000.0,208581840.0,NEOG,2026
2026-04-09,0.22,0.1995,amc,2,24291000.0,21881650.0,SLP,2026
2026-04-09,,,,1,,,ARTW,2026
2026-04-09,,,,4,,,MTBLY,2025
2026-04-09,,0.7663,,2,,176599485.0,WAFD,2026
2026-04-09,,,,1,,,BABB,2026
2026-04-09,0.45,0.4026,bmo,2,326013000.0,352506186.0,SMPL,2026
2026-04-09,,,,4,,,IXAQF,2025
2026-04-09,,,amc,4,,,EICCF,2025
2026-04-09,-0.29,-0.3838,amc,4,30469000.0,35852475.0,FGI,2025
2026-04-09,-0.07,-0.2015,amc,4,9049000.0,7851450.0,BEEM,2025
2026-04-09,,,,4,,,NIE,2026
2026-04-09,,,,1,,,PBNC,2026
2026-04-09,,,,4,,,AIO,2026
2026-04-09,-0.01,,,2,0.0,,WNDW,2026
2026-04-09,,-2.2746,,2,,1020000.0,VMAR,2026
2026-04-09,,,,4,,,YI,2025
2026-04-10,,0.2193,amc,4,,43882440.0,SNCR,2025
2026-04-10,,,,4,,,PGOL,2025
2026-04-10,,,,4,,,TREP,2025
2026-04-10,,,,1,,,GDC,2026
2026-04-10,-7.1,-1.9258,amc,4,0.0,0.0,QNCX,2025
2026-04-10,,,,1,,,CHBH,2026
2026-04-10,,,,4,,,BLNC,2025
2026-04-10,,,,4,,,LOT,2025
2026-04-10,,,,4,,,SHMN,2025
2026-04-10,,,,1,,,AMBK,2026
2026-04-10,,,,2,,,EVOH,2026
2026-04-10,,,,1,,,BKHA,2026
2026-04-10,,,,1,,,GSTX,2026
2026-04-10,-0.75,-0.1292,amc,4,16659000.0,2578896.0,ASPI,2025
2026-04-10,,,,4,,,ITP,2025
2026-04-10,,,,4,,,IGTA,2025
2026-04-10,,,,1,,,CNBB,2026
2026-04-10,,,,4,,,SVII,2025
2026-04-10,,,,2,,,ARQQ,2026
2026-04-10,-2.21,-0.4794,bmo,4,4793000.0,12342000.0,SCLX,2025
2026-04-10,,,,4,,,AHNR,2025
2026-04-10,-1.86,-0.9792,amc,4,329233000.0,365435400.0,PLCE,2026
2026-04-10,,,,4,,,AAPI,2025
2026-04-10,,,,2,,,EVOH,2025
2026-04-10,,,,4,,,GURE,2025
2026-04-10,,,,4,,,WDDD,2025
2026-04-10,,,,4,,,BWMG,2025
2026-04-10,,,,4,,,SOBR,2025
2026-04-10,,,,4,,,QCLS,2025
2026-04-10,0.88,,amc,1,6990000.0,,FBSI,2026
2026-04-13,,,,2,,,RJDG,2026
2026-04-13,,,,4,,,DTCX,2025
2026-04-13,-0.04,,amc,4,37540000.0,,ALOT,2026
2026-04-13,,,,2,,,MIMI,2026
2026-04-13,,,,4,,,FTFT,2025
2026-04-13,,,,4,,,FCHS,2025
2026-04-13,,,,3,,,CNXX,2025
2026-04-13,,,,4,,,PNBK,2025
2026-04-13,,,,4,,,ATPC,2025
2026-04-13,,-0.6528,amc,4,,3770940.0,OTRK,2025
2026-04-13,,,,4,,,DMAA,2025
2026-04-13,-0.06,-0.0969,dmh,2,20000.0,51000.0,LEXX,2026
2026-04-13,,,,4,,,TOFB,2025
2026-04-13,-12.02,-5.967,bmo,4,890000.0,4269720.0,KUST,2025
2026-04-13,,,,3,,,STME,2026
2026-04-13,,,amc,4,,,OMQS,2025
2026-04-13,,,,4,,,AXIM,2025
2026-04-13,-0.44,,amc,3,990000.0,,BMRA,2026
2026-04-13,,0.0707,,1,,12757815.0,FSI,2026
2026-04-13,,-0.2958,,1,,80355600.0,MKTW,2026
2026-04-13,,0.0,bmo,4,131454000.0,183804000.0,SIFY,2026
2026-04-13,,-0.3611,,4,,30192000.0,VIRC,2026
2026-04-13,,,,3,,,CLSH,2026
2026-04-13,,0.0204,,4,,6879900.0,SMLR,2026
2026-04-13,,,,4,,,PCOK,2025
2026-04-13,,-0.0612,,4,,24093420.0,NXXT,2025
2026-04-13,,,,4,,,YHGJ,2025
2026-04-13,,-0.3434,,4,24915000.0,19967195.0,MRT,2025
2026-04-13,,,amc,4,,,ABVC,2025
2026-04-13,,,,4,,,COSG,2025
2026-04-13,,,,1,,,FGFH,2026
2026-04-13,1.12,1.1253,amc,1,172340000.0,178407410.0,FBK,2026
2026-04-13,,,,4,,,AITX,2026
2026-04-13,0.3,0.3054,bmo,1,2201700000.0,2242792870.0,FAST,2026
2026-04-13,-10.74,-7.4052,amc,4,26634000.0,24476940.0,BOXL,2025
2026-04-13,-0.67,-0.7828,amc,4,404442000.0,,NFE,2025
2026-04-13,17.55,16.9874,bmo,1,17227000000.0,17479183728.0,GS,2026
2026-04-13,,0.2652,bmo,4,,17340000.0,IVDA,2025
2026-04-13,,,,1,,,FTFI,2026
2026-04-13,,,,1,,,PUBC,2026
2026-04-13,,,,4,,,CHEV,2025
2026-04-13,,,,4,,,GOAI,2025
2026-04-13,,,,1,,,UNTN,2026
2026-04-13,,,,4,,,ATMC,2025
2026-04-13,,,,4,,,SUNE,2025
2026-04-13,,-0.1836,,4,,15933420.0,ALTS,2025
2026-04-13,,,,4,,,OCLN,2025
2026-04-13,,,,4,,,FAAS,2025
2026-04-13,,0.0204,amc,4,,87822000.0,ADSE,2025
2026-04-13,,,,4,,,ECIA,2026
2026-04-13,-2.34,,amc,4,2490000.0,,EVTV,2025
2026-04-13,,,,2,,,JCTC,2026
2026-04-13,,,,4,,,SSII,2025
2026-04-13,,,,4,,,CNFN,2025
2026-04-13,,,,4,,,FMTO,2025
2026-04-13,0.02,-0.0143,dmh,4,8369000.0,10528440.0,KOPN,2025
2026-04-13,,,,1,,,HRBR,2025
2026-04-13,,,,4,,,AAME,2025
2026-04-13,,,,4,,,SINC,2025
2026-04-14,-0.16,-0.0915,bmo,3,0.0,0.0,HOVR,2026
2026-04-14,1.6,1.5985,bmo,1,21446000000.0,22015411370.0,WFC,2026
2026-04-14,3.06,2.7008,bmo,1,24633000000.0,24019502497.0,C,2026
2026-04-14,,-0.1214,amc,4,,82227300.0,TSPH,2025
2026-04-14,,-0.3468,,4,,14790000.0,XTIA,2025
2026-04-14,,,,4,,,ACUT,2025
2026-04-14,-2.317406,,bmo,4,300649349.0,,THCH,2025
2026-04-14,2.7,2.6914,bmo,1,24062000000.0,23865847398.0,JNJ,2026
2026-04-14,0.01,-0.0306,amc,1,7683000.0,7888680.0,CCEL,2026
2026-04-14,,,,1,,,MOJO,2026
2026-04-14,-0.6,-0.4616,amc,4,33633000.0,32197146.0,GLOO,2026
2026-04-14,-0.21,-0.0714,bmo,4,23921000.0,22707750.0,CREX,2025
2026-04-14,0.34,0.2316,bmo,4,5945960000.0,5758990790.0,KMX,2026
2026-04-14,0.06,,amc,1,0.0,,LEGT,2026
2026-04-14,,,,3,,,FRMO,2026
2026-04-14,,,,2,,,CNBX,2026
2026-04-14,,,,4,,,BRVO,2025
2026-04-14,1.4,1.3923,bmo,1,32047000.0,34263840.0,UNTY,2026
2026-04-14,5.94,5.5024,bmo,1,50536000000.0,49660708180.0,JPM,2026
2026-04-14,0.48,0.435,bmo,4,20252200000.0,20672436923.0,ACI,2026
2026-04-14,1.32,1.1914,amc,1,83150000.0,84150000.0,EQBK,2026
2026-04-14,-0.07,,bmo,2,1060000.0,,LEDS,2026
2026-04-14,12.53,11.6529,bmo,1,6698000000.0,6528034909.0,BLK,2026
2026-04-14,,-0.0408,,1,,1723800.0,TOMZ,2026
2026-04-14,,1.2883,,1,,27846000.0,CRSB,2026
2026-04-14,,,,4,,,PFSA,2025
2026-04-14,0.43,,bmo,1,7000000.0,,CIBH,2026
2026-04-14,0.43,-0.102,bmo,4,325000.0,408000.0,DTST,2025
2026-04-14,-0.67,-0.1632,amc,4,16186000.0,21579630.0,SURG,2025
2026-04-14,,-1.428,,4,,0.0,BNAI,2025
2026-04-14,,,,4,,,DPLS,2025
2026-04-14,,,,2,,,ENRT,2026
2026-04-14,,,,4,,,KLIB,2025
2026-04-14,1.25,1.0329,bmo,1,26158000.0,24062310.0,BSVN,2026
2026-04-14,-0.03,,amc,4,6960000.0,,STCB,2025
2026-04-14,-0.01,,bmo,1,8189999.0,,SPRS,2026
2026-04-14,,,,4,,,NCL,2025
2026-04-14,,,,1,,,ACZT,2026
2026-04-14,,,,2,,,TMRC,2026
2026-04-14,0.05,0.0391,amc,4,53987000.0,53675286.0,MAMA,2026
2026-04-14,,,,4,,,BLUW,2025
2026-04-14,0.03,0.0,amc,2,11041000.0,18768000.0,BMNR,2026
2026-04-14,0.36,,bmo,1,6280000.0,,BKSC,2026
2026-04-14,-0.07,0.0354,amc,2,34072000.0,26695986.0,TRX,2026
2026-04-14,-0.03,,bmo,2,1000000.0,,DSNY,2026
2026-04-14,-51.77,-0.0408,amc,4,4716000.0,2009400.0,IPST,2025
2026-04-14,,,,4,,,ILLR,2025
2026-04-14,,1.3384,,1,,611994683.0,SNV,2026
2026-04-14,-0.78,,amc,4,33630000.0,,GLOO,2025
2026-04-15,,,,1,,,NFTM,2026
2026-04-15,,-3.1916,amc,4,,139885000.0,FAT,2025
2026-04-15,,,,4,,,SPND,2025
2026-04-15,-0.03,,,4,0.0,,CPMV,2025
2026-04-15,,,,4,,,NNAX,2025
2026-04-15,,-0.4545,,4,,1242300.0,YHC,2025
2026-04-15,,,,1,,,HBSI,2026
2026-04-15,0.0,,,4,0.0,,BFNH,2025
2026-04-15,,,,3,,,WOLV,2026
2026-04-15,,,,4,,,PNRG,2025
2026-04-15,,,,2,,,BTOG,2026
2026-04-15,,,,4,,,PMDI,2025
2026-04-15,,,,4,,,PXHI,2025
2026-04-15,,,,4,,,IGPK,2025
2026-04-15,,,,1,,,ATLO,2026
2026-04-15,,,,4,,,VSME,2025
2026-04-15,,,,4,,,PKTX,2025
2026-04-15,,-0.1224,amc,4,,0.0,CARM,2025
2026-04-15,,-0.051,,3,,8382360.0,CRGO,2026
2026-04-15,,,,4,,,AHRO,2025
2026-04-15,,,,4,,,VIVK,2025
2026-04-15,,,,2,,,FTRS,2025
2026-04-15,,,,4,,,MCCK,2025
2026-04-15,,,,4,,,DHCC,2025
2026-04-15,,,,4,,,MITI,2025
2026-04-15,,,amc,4,,,GRDX,2025
2026-04-15,4.18,4.0488,bmo,1,2441000000.0,2455861793.0,MTB,2026
2026-04-15,,,amc,4,,,OLOX,2025
2026-04-15,,-0.408,amc,4,,0.0,BPTH,2025
2026-04-15,,,,1,,,UBOH,2026
2026-04-15,,,,3,,,TIKK,2026
2026-04-15,,,,4,,,BRGX,2025
2026-04-15,,,,4,,,AFJK,2025
2026-04-15,,,,4,,,WHEN,2025
2026-04-15,,,,4,,,VYST,2025
2026-04-15,0.6,0.6035,amc,1,266709999.0,278605421.0,HOMB,2026
2026-04-15,,,,4,,,AIMAU,2025
2026-04-15,-0.71,-1.2485,amc,4,0.0,0.0,TRAW,2025
2026-04-15,,,,4,,,RDGA,2025
2026-04-15,,,,4,,,PWCO,2025
2026-04-15,,0.0102,,4,,68544000.0,WBUY,2025
2026-04-15,,,,4,,,MKDW,2025
2026-04-15,,,,4,,,WHLM,2025
2026-04-15,,,,4,,,VEEA,2025
2026-04-15,,,,4,,,WELNF,2025
2026-04-15,,,,4,,,IFBD,2025
2026-04-15,,,,4,,,JF,2025
2026-04-15,,,,4,,,GPUS,2025
2026-04-15,,,,4,,,USDP,2025
2026-04-15,,,,4,,,YYGH,2025
2026-04-15,,,,4,,,GRAF,2025
2026-04-15,,,,4,,,CFOO,2025
2026-04-15,,,,4,,,SBOX,2025
2026-04-15,,,,4,,,BYSD,2025
2026-04-15,,,,4,,,CATV,2025
2026-04-15,,-0.612,amc,4,,,CLSD,2025
2026-04-15,,,,4,,,MJNA,2025
2026-04-15,,-0.9078,amc,4,,9240180.0,LFLY,2025
2026-04-15,,,,4,,,DREM,2025
2026-04-15,,,,4,,,SLAMF,2025
2026-04-15,,,bmo,4,,,KITT,2025
2026-04-15,,-0.1224,,4,,5814000.0,ZENA,2025
2026-04-15,,,,4,,,MFON,2025
2026-04-15,,,,4,,,MSPR,2025
2026-04-15,0.0,,bmo,4,0.0,,GTCH,2025
2026-04-15,,,,4,,,TAIT,2025
2026-04-15,-0.06,-0.1326,bmo,4,20000.0,0.0,ARAI,2025
2026-04-15,,,,1,,,ENBP,2026
2026-04-15,,,,4,,,CFTN,2025
2026-04-15,,0.0204,amc,4,,3876000.0,WINT,2025
2026-04-15,,,,4,,,FNFI,2025
2026-04-15,,,,1,,,NIDB,2026
2026-04-15,,,,4,,,NIHK,2025
2026-04-15,,,,4,,,FEED,2025
2026-04-15,,,,1,,,KISB,2026
2026-04-15,,,,1,,,IRIDQ,2026
2026-04-15,,-0.7038,amc,4,,220768800.0,SDOT,2025
2026-04-15,,-0.1173,amc,4,,0.0,APLT,2025
2026-04-15,,,,4,,,JTBK,2025
2026-04-15,,-0.2958,,4,,95880.0,ZIVO,2025
2026-04-15,,,,4,,,CSTAF,2025
2026-04-15,,,,4,,,WYTC,2025
2026-04-15,1.49,1.47,amc,1,3056490000.0,2998393856.0,JBHT,2026
2026-04-15,,,,4,,,FAVO,2025
2026-04-15,-0.03,0.3162,amc,4,9800000.0,14943000.0,MIND,2026
2026-04-15,4.32,4.0958,bmo,1,6194000000.0,6304734221.0,PNC,2026
2026-04-15,-0.03,,,4,0.0,,RMHI,2025
2026-04-15,,,,4,,,MCOM,2025
2026-04-15,,,,2,,,CHSCP,2026
2026-04-15,,,,4,,,KUBR,2025
2026-04-15,,,,4,,,SNNF,2025
2026-04-15,,,,4,,,AQUC,2025
2026-04-15,,,,4,,,LGCL,2025
2026-04-15,,-0.3264,,4,,0.0,GLSI,2025
2026-04-15,,,,4,,,TC,2025
2026-04-15,,,,4,,,RMSL,2025
2026-04-15,,,,4,,,BLPG,2025
2026-04-15,,-1.5504,bmo,4,,4182000.0,CHAI,2025
2026-04-15,,,,4,,,KTEL,2025
2026-04-15,,,,1,,,HLFN,2026
2026-04-15,0.0,,amc,4,670000.0,,NWBO,2025
2026-04-15,,-0.2652,amc,4,,0.0,IOBT,2025
2026-04-15,,,,1,,,MPCB,2026
2026-04-15,,,,4,,,ORBS,2025
2026-04-15,,,,4,,,PMIR,2025
2026-04-15,1.58,1.3158,amc,1,55360000.0,48880440.0,GSBC,2026
2026-04-15,,,,4,,,OZSC,2025
2026-04-15,,,,3,,,LQWC,2025
2026-04-15,3.43,3.0922,bmo,1,20580000000.0,20316212267.0,MS,2026
2026-04-15,,,,4,,,FDCT,2025
2026-04-15,0.0,,bmo,4,0.0,,BYOC,2025
2026-04-15,,,,1,,,UBFO,2026
2026-04-15,,,,4,,,ASFT,2025
2026-04-15,,-2.0196,,1,,5100000.0,SANW,2026
2026-04-15,,,,1,,,MLEC,2026
2026-04-15,,,,4,,,FGNV,2025
2026-04-15,,,,4,,,RBTK,2025
2026-04-15,,,,4,,,VNUE,2025
2026-04-15,,-0.1734,bmo,4,,18360000.0,TRIB,2025
2026-04-15,,,,4,,,APYP,2025
2026-04-15,,,,4,,,HRGG,2025
2026-04-15,,-0.0612,amc,4,,2040000.0,ADAP,2025
2026-04-15,0.02,,bmo,4,6110000.0,,TORO,2025
2026-04-15,-2.62,,bmo,4,6480000.0,,NYC,2025
2026-04-15,,,,3,,,GLGI,2026
2026-04-15,,,,4,,,NAMI,2025
2026-04-15,,0.0714,amc,4,,150552000.0,MDRX,2025
2026-04-15,0.59,,amc,4,0.0,,OTLC,2025
2026-04-15,,,,1,,,TRCY,2026
2026-04-15,,,,1,,,CAWW,2026
2026-04-15,,,,4,,,CETY,2025
2026-04-15,,,,1,,,BVFL,2026
2026-04-15,,-6.2901,amc,4,,0.0,GOVX,2025
2026-04-15,1.11,1.0219,bmo,1,30272000000.0,30230741704.0,BAC,2026
2026-04-15,,,,4,,,QETA,2025
2026-04-15,,,,4,,,GWAV,2025
2026-04-15,,,,4,,,ABLT,2025
2026-04-15,,,,4,,,PDIV,2025
2026-04-15,0.88,,,1,2380000.0,,LOGN,2026
2026-04-15,-0.04,,amc,4,1770000.0,,XWIN,2025
2026-04-15,,,,1,,,WCFB,2026
2026-04-15,,,,4,,,FOXO,2025
2026-04-15,,,,4,,,CRKN,2025
2026-04-15,0.84,-0.7171,amc,1,166000000.0,170491030.0,SLG,2026
2026-04-15,0.53,0.4989,bmo,1,862000000.0,877822310.0,FHN,2026
2026-04-15,,,,4,,,YOTA,2025
2026-04-15,-0.14,-0.0408,,4,19700000.0,19197420.0,COSM,2025
2026-04-15,,,,4,,,SNPW,2025
2026-04-15,,,,3,,,CBKM,2026
2026-04-15,,,,4,,,SWVL,2025
2026-04-15,,,,2,,,HRBR,2025
2026-04-15,-1.44,,amc,4,0.0,,STI,2025
2026-04-15,-0.2,,amc,4,0.0,,VS,2025
2026-04-15,,,,1,,,CBFC,2026
2026-04-15,,-0.1224,amc,4,,9863400.0,PRPH,2025
